lake,depth,area
Allequash,0,583054
Allequash,1,549139.47
Allequash,2,519084.94
Allequash,3,496773.04
Allequash,4,477533.67
Allequash,5,455936.55
Allequash,6,433585.95
Allequash,7,0
Alqueva,0,254775704.414802
Alqueva,1,241486699.289047
Alqueva,2,228809385.870687
Alqueva,3,216719406.602836
Alqueva,4,205193220.595412
Alqueva,5,194208081.450098
Alqueva,6,183742015.544118
Alqueva,7,173773800.766437
Alqueva,8,164282945.69987
Alqueva,9,155249669.242729
Alqueva,10,146654880.663675
Alqueva,11,138480160.083459
Alqueva,12,130707739.377321
Alqueva,17,97301552.4056841
Alqueva,22,71630844.0545983
Alqueva,32,37409443.0839282
Alqueva,42,18462929.8366212
Alqueva,52,8518634.88256641
Alqueva,62,3622562.92632751
Alqueva,72,1392763.61229444
Annie,0,343730
Annie,1,315860
Annie,2,287990
Annie,3,260120
Annie,4,222960
Annie,5,185800
Annie,6,176510
Annie,7,157930
Annie,8,148640
Annie,9,130060
Annie,10,120770
Annie,11,111480
Annie,12,102190
Annie,13,92900
Annie,14,83610
Annie,15,74320
Annie,16,65030
Annie,17,37160
Annie,18,18580
Annie,19,9290
Argyle,0,1013750020
Argyle,1,946249980
Argyle,2,900124990
Argyle,3,859812480
Argyle,4,772750020
Argyle,5,737562500
Argyle,6,689500030
Argyle,7,654374980
Argyle,8,621312510
Argyle,9,550312510
Argyle,10,5.19e+08
Argyle,11,487187488
Argyle,12,456562496
Argyle,13,425750016
Argyle,14,336875008
Argyle,15,312624992
Argyle,16,286437504
Argyle,17,260124992
Argyle,18,237562496
Argyle,19,146124992
Argyle,20,131562496
Argyle,21,117500000
Argyle,22,106062496
Argyle,23,95875000
Argyle,24,59437500
Argyle,25,53250000
Argyle,26,47562500
Argyle,27,41250000
Argyle,28,35937500
Argyle,29,19187500
Argyle,30,17312500
Argyle,31,15562500
Argyle,32,13937500
Argyle,33,12437500
Argyle,34,10875000
Argyle,35,9312500
Argyle,36,7875000
Argyle,37,6812500
Argyle,38,4750000
Argyle,39,3062500
Argyle,40,2187500
Argyle,41,1812500
Argyle,42,1437500
Argyle,43,937500
Argyle,44,375000
Biel,0,39300000
Biel,4,31180000
Biel,9,29450000
Biel,19,2.5e+07
Biel,29,19400000
Biel,39,13250000
Biel,49,8550000
Biel,59,4630000
Biel,69,1850000
Biel,74,0
BigMuskellunge,0,3866522
BigMuskellunge,1,3265595
BigMuskellunge,2,2973027
BigMuskellunge,3,2811699
BigMuskellunge,4,2585302
BigMuskellunge,5,2403574
BigMuskellunge,6,2246654
BigMuskellunge,7,1866963
BigMuskellunge,8,1633293
BigMuskellunge,9,1545934
BigMuskellunge,10,1545934
BigMuskellunge,11,1455083
BigMuskellunge,12,1132522
BigMuskellunge,13,1032502
BigMuskellunge,14,904704
BigMuskellunge,15,736021
BigMuskellunge,16,640483
BigMuskellunge,17,471347
BigMuskellunge,18,226791
BigMuskellunge,19,150913
BigMuskellunge,20,80031
BigMuskellunge,21,0
BlackOak,0,2252408
BlackOak,1,2160082.7388959
BlackOak,2,2069143.15298568
BlackOak,3,1982201.24539314
BlackOak,4,1895261.02955798
BlackOak,5,1808323.27963903
BlackOak,6,1721385.8303253
BlackOak,7,1634448.62077164
BlackOak,8,1547511.41121798
BlackOak,9,1460574.20166432
BlackOak,10,1373632.51272629
BlackOak,11,1286690.08883605
BlackOak,12,1199752.87928239
BlackOak,13,1112815.67138474
BlackOak,14,1025878.47258435
BlackOak,15,938939.789932541
BlackOak,16,851997.700389175
BlackOak,17,765057.738616545
BlackOak,18,678120.34717593
BlackOak,19,591182.95570277
BlackOak,20,504245.564208118
BlackOak,21,417308.172754089
BlackOak,22,330370.781313477
BlackOak,23,243430.61726089
BlackOak,24,156490.222565651
BlackOak,25,69551.2100291782
BlackOak,26,0
BurleyGriffin,0,6051600
BurleyGriffin,1,5507600
BurleyGriffin,2,4432400
BurleyGriffin,3,3396800
BurleyGriffin,4,2640400
BurleyGriffin,5,1898400
BurleyGriffin,6,1356800
BurleyGriffin,7,944400
BurleyGriffin,8,710800
BurleyGriffin,9,521600
BurleyGriffin,10,393200
BurleyGriffin,11,274800
BurleyGriffin,12,190400
BurleyGriffin,13,119600
BurleyGriffin,14,64800
BurleyGriffin,15,27200
BurleyGriffin,16,6800
BurleyGriffin,17,800
Crystal,0,366550
Crystal,1,366541
Crystal,2,349313
Crystal,3,315958
Crystal,4,275639
Crystal,5,265376
Crystal,6,256945
Crystal,7,249248
Crystal,8,242284
Crystal,9,234582
Crystal,10,225789
Crystal,11,211861
Crystal,12,194999
Crystal,13,175207
Crystal,14,155047
Crystal,15,134521
Crystal,16,112895
Crystal,17,94568
Crystal,18,75141
Crystal,19,52049
Crystal,20,32256
Crystal,21,16128
Crystal,22,0
CrystalBog,0,5350.4
CrystalBog,1,4473.2
CrystalBog,2,1591.4
Delavan,0,6963557.786
Delavan,1.524,6235697.004
Delavan,3.048,5027127.904
Delavan,4.5721,4543309.34
Delavan,6.0961,4038525.5
Delavan,7.6201,3546977.345
Delavan,9.1441,2983878.301
Delavan,10.6681,2406369.564
Delavan,12.1921,1764753.962
Delavan,13.7162,1076861.913
Delavan,15.2402,202825.7297
Delavan,16.4594,0
Dickie,0,936000
Dickie,2,748400
Dickie,3,657200
Dickie,4,569400
Dickie,5,408100
Dickie,6,342300
Dickie,7,270000
Dickie,8,187600
Dickie,9,125800
Dickie,10,56100
Dickie,11,7600
Dickie,12,0
Eagle,0,6861600
Eagle,0.19999957,6861600
Eagle,0.29999948,6861600
Eagle,0.39999938,6861600
Eagle,0.49999952,6861600
Eagle,0.5999994,6861600
Eagle,0.6999996,6861600
Eagle,0.7999995,6861600
Eagle,0.8999995,6861600
Eagle,0.9999995,6861600
Eagle,1.0999995,6861600
Eagle,1.1999995,6861600
Eagle,1.2999995,6861600
Eagle,1.3999995,6861600
Eagle,1.4999995,6861600
Eagle,1.5999995,6861600
Eagle,1.6999995,6861600
Eagle,1.7999995,6861600
Eagle,1.8999995,6861600
Eagle,1.9999995,6861600
Eagle,2.0999994,6861600
Eagle,2.1999996,6861600
Eagle,2.2999995,6861600
Eagle,2.3999996,6861600
Eagle,2.4999995,6861600
Eagle,2.5999994,6861600
Eagle,2.6999996,6861600
Eagle,2.7999995,6861600
Eagle,2.8999996,6789600
Eagle,2.9999995,6728400
Eagle,3.0999994,6663600
Eagle,3.1999996,6598800
Eagle,3.2999995,6538500
Eagle,3.3999996,6472800
Eagle,3.4999995,6430500
Eagle,3.5999994,6368400
Eagle,3.6999996,6318900
Eagle,3.7999995,6266700
Eagle,3.8999996,6206400
Eagle,3.9999995,6164100
Eagle,4.0999994,6109200
Eagle,4.2,6057000
Eagle,4.2999997,6004800
Eagle,4.3999996,5958000
Eagle,4.4999995,5902200
Eagle,4.5999994,5856300
Eagle,4.7,5812200
Eagle,4.799999,5764500
Eagle,4.8999996,5723100
Eagle,4.9999995,5686200
Eagle,5.0999994,5644800
Eagle,5.2,5611500
Eagle,5.299999,5548500
Eagle,5.3999996,5506200
Eagle,5.4999995,5454900
Eagle,5.5999994,5415300
Eagle,5.7,5379300
Eagle,5.799999,5331600
Eagle,5.8999996,5283000
Eagle,5.9999995,5257800
Eagle,6.0999994,5225400
Eagle,6.2,5185800
Eagle,6.299999,5152500
Eagle,6.3999996,5114700
Eagle,6.4999995,5060700
Eagle,6.5999994,5028300
Eagle,6.7,5003100
Eagle,6.7999997,4967100
Eagle,6.8999996,4939200
Eagle,6.9999995,4916700
Eagle,7.0999994,4887900
Eagle,7.2,4852800
Eagle,7.2999997,4826700
Eagle,7.3999996,4793400
Eagle,7.4999995,4767300
Eagle,7.5999994,4734000
Eagle,7.7,4700700
Eagle,7.7999997,4671900
Eagle,7.8999996,4636800
Eagle,7.9999995,4599900
Eagle,8.099999,4555800
Eagle,8.2,4524300
Eagle,8.299999,4478400
Eagle,8.4,4437900
Eagle,8.5,4415400
Eagle,8.599999,4388400
Eagle,8.7,4364100
Eagle,8.799999,4331700
Eagle,8.9,4197600
Eagle,9,4169700
Eagle,9.099999,4144500
Eagle,9.2,4121100
Eagle,9.299999,4098600
Eagle,9.4,4080600
Eagle,9.5,4050000
Eagle,9.599999,4032900
Eagle,9.7,4012200
Eagle,9.799999,3993300
Eagle,9.9,3974400
Eagle,10,3948300
Eagle,10.099999,3938400
Eagle,10.2,3916800
Eagle,10.299999,3894300
Eagle,10.4,3872700
Eagle,10.5,3853800
Eagle,10.599999,3834000
Eagle,10.7,3820500
Eagle,10.799999,3793500
Eagle,10.9,3773700
Eagle,11,3753900
Eagle,11.099999,3734100
Eagle,11.2,3714300
Eagle,11.299999,3691800
Eagle,11.4,3663900
Eagle,11.5,3640500
Eagle,11.599999,3613500
Eagle,11.7,3599100
Eagle,11.799999,3581100
Eagle,11.9,3561300
Eagle,12,3537900
Eagle,12.099999,3513600
Eagle,12.2,3497400
Eagle,12.299999,3473100
Eagle,12.4,3456000
Eagle,12.5,3433500
Eagle,12.599999,3413700
Eagle,12.7,3393000
Eagle,12.799999,3373200
Eagle,12.9,3357000
Eagle,13,3339900
Eagle,13.099999,3322800
Eagle,13.2,3301200
Eagle,13.299999,3277800
Eagle,13.4,3258000
Eagle,13.5,3241800
Eagle,13.599999,3219300
Eagle,13.7,3200400
Eagle,13.799999,3181500
Eagle,13.9,3163500
Eagle,14,3145500
Eagle,14.099999,3120300
Eagle,14.2,3088800
Eagle,14.299999,3061800
Eagle,14.4,3036600
Eagle,14.5,3012300
Eagle,14.599999,2983500
Eagle,14.7,2958300
Eagle,14.799999,2934000
Eagle,14.9,2915100
Eagle,15,2666700
Eagle,15.099999,2646900
Eagle,15.2,2629800
Eagle,15.299999,2602800
Eagle,15.4,2582100
Eagle,15.5,2564100
Eagle,15.599999,2544300
Eagle,15.7,2517300
Eagle,15.799999,2507400
Eagle,15.9,2489400
Eagle,16,2470500
Eagle,16.099998,2448900
Eagle,16.2,2435400
Eagle,16.3,2418300
Eagle,16.4,2403000
Eagle,16.5,2384100
Eagle,16.599998,2368800
Eagle,16.7,2347200
Eagle,16.8,2335500
Eagle,16.9,2316600
Eagle,17,2301300
Eagle,17.099998,2286000
Eagle,17.2,2268900
Eagle,17.3,2251800
Eagle,17.4,2226600
Eagle,17.5,2211300
Eagle,17.599998,2192400
Eagle,17.7,2170800
Eagle,17.8,2154600
Eagle,17.9,2142000
Eagle,18,2131200
Eagle,18.099998,2113200
Eagle,18.2,2104200
Eagle,18.3,2089800
Eagle,18.4,2075400
Eagle,18.5,2057400
Eagle,18.599998,2039400
Eagle,18.7,2026800
Eagle,18.8,2007900
Eagle,18.9,1995300
Eagle,19,1973700
Eagle,19.1,1950300
Eagle,19.199999,1929600
Eagle,19.3,1914300
Eagle,19.4,1896300
Eagle,19.5,1887300
Eagle,19.6,1865700
Eagle,19.699999,1854900
Eagle,19.8,1838700
Eagle,19.9,1818900
Eagle,20,1801800
Eagle,20.1,1773900
Eagle,20.199999,1747800
Eagle,20.3,1724400
Eagle,20.4,1702800
Eagle,20.5,1680300
Eagle,20.6,1654200
Eagle,20.699999,1627200
Eagle,20.8,1607400
Eagle,20.9,1584000
Eagle,21,1563300
Eagle,21.1,1335600
Eagle,21.199999,1324800
Eagle,21.3,1316700
Eagle,21.4,1304100
Eagle,21.5,1290600
Eagle,21.6,1278900
Eagle,21.699999,1269000
Eagle,21.8,1256400
Eagle,21.9,1246500
Eagle,22,1238400
Eagle,22.1,1224000
Eagle,22.2,1205100
Eagle,22.3,1197000
Eagle,22.4,1187100
Eagle,22.5,1177200
Eagle,22.6,1164600
Eagle,22.7,1155600
Eagle,22.8,1142100
Eagle,22.9,1136700
Eagle,23,1125000
Eagle,23.1,1113300
Eagle,23.2,1100700
Eagle,23.3,1089000
Eagle,23.4,1078200
Eagle,23.5,1070100
Eagle,23.6,1061100
Eagle,23.7,1051200
Eagle,23.8,1044900
Eagle,23.9,1032300
Eagle,24,1022400
Eagle,24.1,1009800
Eagle,24.2,991800
Eagle,24.3,981000
Eagle,24.4,971100
Eagle,24.5,962100
Eagle,24.6,949500
Eagle,24.7,935100
Eagle,24.8,925200
Eagle,24.9,909900
Eagle,25,9e+05
Eagle,25.1,882900
Eagle,25.2,869400
Eagle,25.3,854100
Eagle,25.4,837900
Eagle,25.5,828000
Eagle,25.6,818100
Eagle,25.7,804600
Eagle,25.8,796500
Eagle,25.9,790200
Eagle,26,783900
Eagle,26.1,770400
Eagle,26.2,756900
Eagle,26.3,742500
Eagle,26.4,724500
Eagle,26.5,709200
Eagle,26.6,696600
Eagle,26.7,681300
Eagle,26.8,662400
Eagle,26.9,648000
Eagle,27,636300
Eagle,27.1,618300
Eagle,27.2,296100
Eagle,27.3,289800
Eagle,27.4,282600
Eagle,27.5,278100
Eagle,27.6,269100
Eagle,27.7,263700
Eagle,27.8,256500
Eagle,27.9,251100
Eagle,28,245700
Eagle,28.1,243000
Eagle,28.2,240300
Eagle,28.3,235800
Eagle,28.4,231300
Eagle,28.5,224100
Eagle,28.6,221400
Eagle,28.7,221400
Eagle,28.8,219600
Eagle,28.9,216000
Eagle,29,216000
Eagle,29.1,211500
Eagle,29.2,208800
Eagle,29.3,205200
Eagle,29.4,203400
Eagle,29.5,199800
Eagle,29.6,196200
Eagle,29.7,193500
Eagle,29.8,190800
Eagle,29.9,187200
Eagle,30,184500
Eagle,30.1,182700
Eagle,30.2,179100
Eagle,30.3,179100
Eagle,30.4,177300
Eagle,30.5,171000
Eagle,30.6,169200
Eagle,30.7,164700
Eagle,30.8,163800
Eagle,30.9,162900
Eagle,31,160200
Eagle,31.1,160200
Eagle,31.2,157500
Eagle,31.3,153900
Eagle,31.4,153000
Eagle,31.5,149400
Eagle,31.6,148500
Eagle,31.7,144000
Eagle,31.8,143100
Eagle,31.9,141300
Eagle,32,137700
Eagle,32.1,134100
Eagle,32.2,131400
Eagle,32.3,129600
Eagle,32.4,126900
Eagle,32.5,122400
Eagle,32.6,120600
Eagle,32.7,118800
Eagle,32.8,115200
Eagle,32.9,110700
Eagle,33,108000
Eagle,33.1,102600
Eagle,33.2,99900
Eagle,33.3,17100
Eagle,33.4,14400
Eagle,33.5,13500
Eagle,33.6,7200
Eagle,33.7,6300
Eagle,33.8,4500
Eagle,33.9,4500
Eagle,34,2700
Eagle,34.1,1800
Eagle,34.2,1800
Eagle,34.3,900
Eagle,34.4,900
Eagle,34.5,900
Eagle,34.6,900
Eagle,34.7,900
Eagle,34.8,900
Eagle,34.9,900
Eagle,35,0
Ekoln,0,20180000
Ekoln,2.984837,16365702
Ekoln,3.6707933,15946069
Ekoln,5.561808,14947630
Ekoln,6.0809101,14600348
Ekoln,7.5455195,13862372
Ekoln,10.029794,12617942
Ekoln,12.959013,11735265
Ekoln,16.648345,10707886
Ekoln,19.948351,9781798.9
Ekoln,23.229818,7553400.9
Ekoln,26.307352,5484174.2
Ekoln,28.10567,4268684.4
Ekoln,29.477582,3357067.1
Ekoln,30.015224,2966373.9
Ekoln,31.479833,2329688.8
Ekoln,33.815793,1287840.4
Ekoln,35.002312,766916.18
Ekoln,36.188831,245991.98
Ekoln,37.060181,0
Erken,0,23670000
Erken,2,21380000
Erken,4,1.9e+07
Erken,6,16590000
Erken,8,14180000
Erken,10,11610000
Erken,12,7410000
Erken,14,3220000
Erken,16,1420000
Erken,18,160000
Erken,20,10000
Erken,21,0
EsthwaiteWater,0,956565
EsthwaiteWater,1,849502
EsthwaiteWater,2,773103
EsthwaiteWater,3,699232
EsthwaiteWater,4,642365
EsthwaiteWater,5,584819
EsthwaiteWater,6,533841
EsthwaiteWater,7,485632
EsthwaiteWater,8,430580
EsthwaiteWater,9,373818
EsthwaiteWater,10,306442
EsthwaiteWater,11,233792
EsthwaiteWater,12,158770
EsthwaiteWater,13,103929
EsthwaiteWater,14,51139
EsthwaiteWater,15,8337
EsthwaiteWater,16,0
FallingCreek,0,119880.9164
FallingCreek,0.4,111302.1604
FallingCreek,0.7,103030.4489
FallingCreek,1.3,85430.25429
FallingCreek,1.6,76424.14457
FallingCreek,1.9,68146.39437
FallingCreek,2.3,59666.85885
FallingCreek,2.6,51179.89109
FallingCreek,2.9,42851.13714
FallingCreek,3.2,36269.3312
FallingCreek,3.5,31155.95008
FallingCreek,3.8,28442.99667
FallingCreek,4.1,25790.70893
FallingCreek,4.4,22583.13995
FallingCreek,4.7,19631.05422
FallingCreek,5.3,14484.22802
FallingCreek,5.6,12399.67051
FallingCreek,5.9,10811.30792
FallingCreek,6.2,9469.324081
FallingCreek,6.5,8228.697419
FallingCreek,6.8,6929.077352
FallingCreek,7.1,5637.911458
FallingCreek,7.4,4358.358439
FallingCreek,7.7,3239.620513
FallingCreek,8.3,1201.23579
FallingCreek,8.7,494.615572
FallingCreek,9,61.408883
FallingCreek,9.3,0
Feeagh,0,3931000
Feeagh,1,3688025
Feeagh,2,3445050
Feeagh,3,3336093.492
Feeagh,4,3225992.455
Feeagh,5,3133491.11
Feeagh,6,3029720
Feeagh,7,2912240.997
Feeagh,8,2788136
Feeagh,9,2682466
Feeagh,10,2562766.74
Feeagh,11,2425504.808
Feeagh,12,2296549.776
Feeagh,13,2173240.741
Feeagh,14,2055132.833
Feeagh,15,1941797.673
Feeagh,16,1830879.885
Feeagh,17,1713120.439
Feeagh,18,1577340.916
Feeagh,19,1464350.408
Feeagh,20,1359410.085
Feeagh,21,1262715.166
Feeagh,22,1171462.749
Feeagh,23,1092203.476
Feeagh,24,1011499.153
Feeagh,25,917001.4102
Feeagh,26,825064.1384
Feeagh,27,745660
Feeagh,28,648220
Feeagh,29,580502.631
Feeagh,30,526747.0123
Feeagh,31,474637.3604
Feeagh,32,408185.554
Feeagh,33,335719.63
Feeagh,34,279954.8601
Feeagh,35,222861.9353
Feeagh,36,179055.3041
Feeagh,37,158330.8204
Feeagh,38,138889.9567
Feeagh,39,123335.5328
Feeagh,40,107797.1005
Feeagh,41,90896.30018
Feeagh,42,74949.25664
Feeagh,43,57922.96164
Feeagh,44,29175.8334
Feeagh,45,9158.892754
Feeagh,46,981.4504006
Feeagh,46.8,4.513647009
Fish,0,874000
Fish,1,690430
Fish,2,549810
Fish,3,447400
Fish,4,415470
Fish,5,387650
Fish,6,360670
Fish,7,327300
Fish,8,294820
Fish,9,264030
Fish,10,234940
Fish,11,207540
Fish,12,181840
Fish,13,147180
Fish,14,113990
Fish,15,85030
Fish,16,50110
Fish,17,22270
Fish,18,5570
Fish,19,0
GreatPond,0,32553557.13
GreatPond,1,29654006.88
GreatPond,2,26321346.4
GreatPond,3,22357600.88
GreatPond,4,18428513.84
GreatPond,5,15823901.55
GreatPond,6,14131982.17
GreatPond,7,12270908.93
GreatPond,8,10101637.45
GreatPond,9,7900186.14
GreatPond,10,6064017.521
GreatPond,11,4819173.56
GreatPond,12,3857599.906
GreatPond,13,3048490.987
GreatPond,14,2274143.666
GreatPond,15,1548203.72
GreatPond,16,962614.9302
GreatPond,17,562634.3444
GreatPond,18,281044.1142
GreatPond,19,79198.20012
GreatPond,20,6417.229214
GreatPond,21,0
Green,0,30115570.69
Green,1,29477895.6
Green,2,28840220.51
Green,3,27145084.58
Green,4,25601407.04
Green,5,23767858.64
Green,6,22716363.67
Green,7,21986286.18
Green,8,21559125.73
Green,9,21117558.83
Green,10,20687148.38
Green,11,20429210.69
Green,12,20201010.61
Green,13,19989522.26
Green,14,19774812.15
Green,15,19555926.39
Green,16,19325313.46
Green,17,19064806.8
Green,18,18798199.9
Green,19,18511372.59
Green,20,18256526.6
Green,21,18032273.95
Green,22,17820800.14
Green,23,17607675.52
Green,24,17394161.71
Green,25,17177634.49
Green,26,16956937.97
Green,27,16725947.22
Green,28,16478067.06
Green,29,16212995.27
Green,30,15935725.82
Green,31,15681933.32
Green,32,15411574.49
Green,33,15169641.13
Green,34,14927632.93
Green,35,14704018.57
Green,36,14502328.56
Green,37,14294935.46
Green,38,14076468.31
Green,39,13844918.71
Green,40,13602729.55
Green,41,13308444.18
Green,42,13015424.31
Green,43,12738361.36
Green,44,12476128.87
Green,45,12194706.67
Green,46,11900366.23
Green,47,11570901.7
Green,48,11188299.23
Green,49,10791752.11
Green,50,10381874.35
Green,51,9991344.351
Green,52,9642042.218
Green,53,9316618.699
Green,54,8996257.049
Green,55,8701581.113
Green,56,8421009.835
Green,57,8141318.7
Green,58,7859071.9
Green,59,7582433.302
Green,60,7264007.99
Green,61,6845884.056
Green,62,6045875.018
Green,63,5552118.073
Green,64,5152769.818
Green,65,4784184.573
Green,66,4456749.764
Green,67,4246321.587
Green,68,3993586.146
Green,69,2297967.524
Green,70,943812.5362
Green,71,469756.6813
Green,72,128822.1211
Green,73,0
Harp,0,713800
Harp,2,661000
Harp,4,586400
Harp,6,517300
Harp,8,447700
Harp,10,381300
Harp,12,324700
Harp,14,278500
Harp,16,239300
Harp,18,206100
Harp,20,176900
Harp,22,152000
Harp,24,124300
Harp,26,96900
Harp,28,74200
Harp,30,56200
Harp,32,39900
Harp,34,26400
Harp,36,14800
Harp,37.5,148
Kilpisjarvi,0,30830400
Kilpisjarvi,1,30830400
Kilpisjarvi,2,30216600
Kilpisjarvi,3,29017800
Kilpisjarvi,4,28188900
Kilpisjarvi,5,27519300
Kilpisjarvi,6,26573400
Kilpisjarvi,7,25759800
Kilpisjarvi,8,24979500
Kilpisjarvi,9,24189300
Kilpisjarvi,10,22362300
Kilpisjarvi,11,21463200
Kilpisjarvi,12,20715300
Kilpisjarvi,13,19998000
Kilpisjarvi,14,19296900
Kilpisjarvi,15,17546400
Kilpisjarvi,16,16526700
Kilpisjarvi,17,15805800
Kilpisjarvi,18,15120900
Kilpisjarvi,19,14468400
Kilpisjarvi,20,13199400
Kilpisjarvi,21,12651300
Kilpisjarvi,22,12214800
Kilpisjarvi,23,11773800
Kilpisjarvi,24,11333700
Kilpisjarvi,25,10479600
Kilpisjarvi,26,9905400
Kilpisjarvi,27,9431100
Kilpisjarvi,28,8960400
Kilpisjarvi,29,8479800
Kilpisjarvi,30,7553700
Kilpisjarvi,31,6940800
Kilpisjarvi,32,6427800
Kilpisjarvi,33,5928300
Kilpisjarvi,34,5418900
Kilpisjarvi,35,3847500
Kilpisjarvi,36,3414600
Kilpisjarvi,37,3058200
Kilpisjarvi,38,2713500
Kilpisjarvi,39,2373300
Kilpisjarvi,40,1326600
Kilpisjarvi,41,1070100
Kilpisjarvi,42,918900
Kilpisjarvi,43,781200
Kilpisjarvi,44,650700
Kinneret,0,1.67e+08
Kinneret,1,1.62e+08
Kinneret,2,1.61e+08
Kinneret,3,1.6e+08
Kinneret,4,1.58e+08
Kinneret,5,1.57e+08
Kinneret,6,1.55e+08
Kinneret,7,1.53e+08
Kinneret,8,1.51e+08
Kinneret,9,1.5e+08
Kinneret,10,1.48e+08
Kinneret,11,1.46e+08
Kinneret,12,1.43e+08
Kinneret,13,1.39e+08
Kinneret,14,1.36e+08
Kinneret,15,1.32e+08
Kinneret,16,1.28e+08
Kinneret,17,1.23e+08
Kinneret,18,1.18e+08
Kinneret,19,1.13e+08
Kinneret,20,1.07e+08
Kinneret,21,1.02e+08
Kinneret,22,96400000
Kinneret,23,90975000
Kinneret,24,85400000
Kinneret,25,79850000
Kinneret,26,74475000
Kinneret,27,69600000
Kinneret,28,64675000
Kinneret,29,60200000
Kinneret,30,55725000
Kinneret,31,51675000
Kinneret,32,46800000
Kinneret,33,41100000
Kinneret,34,38250000
Kinneret,35,33950000
Kinneret,36,31700000
Kinneret,37,26625000
Kinneret,38,21975000
Kinneret,39,17875000
Kinneret,40,15200000
Kinneret,41,9250000
Kinneret,42,0
Kivu,0,2488250965
Kivu,1,2485243144
Kivu,2,2475185434
Kivu,3,2450778913
Kivu,4,2419184681
Kivu,5,2392800219
Kivu,6,2373483520
Kivu,7,2358938108
Kivu,8,2347169359
Kivu,9,2337000041
Kivu,10,2327789112
Kivu,11,2319522272
Kivu,12,2311786854
Kivu,13,2304549099
Kivu,14,2297484514
Kivu,15,2290606204
Kivu,16,2283894311
Kivu,17,2277341687
Kivu,18,2270795020
Kivu,19,2264376641
Kivu,20,2257827988
Kivu,21,2251471966
Kivu,22,2245160428
Kivu,23,2238831811
Kivu,24,2232564757
Kivu,25,2226253218
Kivu,26,2219976235
Kivu,27,2213835482
Kivu,28,2207674077
Kivu,29,2201490430
Kivu,30,2195408063
Kivu,31,2189492113
Kivu,32,2183772368
Kivu,33,2178033162
Kivu,34,2172289984
Kivu,35,2166725138
Kivu,36,2161119383
Kivu,37,2155452066
Kivu,38,2149785940
Kivu,39,2144076919
Kivu,40,2138377431
Kivu,41,2132878914
Kivu,42,2127210008
Kivu,43,2121559372
Kivu,44,2115921445
Kivu,45,2110192566
Kivu,46,2104525249
Kivu,47,2098875407
Kivu,48,2093156854
Kivu,49,2087316367
Kivu,50,2081477867
Kivu,51,2075383982
Kivu,52,2069433080
Kivu,53,2063432929
Kivu,54,2057413713
Kivu,55,2051357162
Kivu,56,2045235871
Kivu,57,2038986293
Kivu,58,2032930536
Kivu,59,2026800508
Kivu,60,2020916729
Kivu,61,2014755721
Kivu,62,2008745243
Kivu,63,2002913495
Kivu,64,1997160387
Kivu,65,1991448586
Kivu,66,1985710174
Kivu,67,1979897490
Kivu,68,1974095927
Kivu,69,1968232007
Kivu,70,1962225103
Kivu,71,1956257918
Kivu,72,1950223212
Kivu,73,1944253643
Kivu,74,1938226483
Kivu,75,1932181451
Kivu,76,1925932666
Kivu,77,1919594517
Kivu,78,1913227772
Kivu,79,1906753788
Kivu,80,1900059371
Kivu,81,1893268838
Kivu,82,1886361137
Kivu,83,1879406569
Kivu,84,1872428965
Kivu,85,1865734549
Kivu,86,1858923759
Kivu,87,1852077621
Kivu,88,1845286690
Kivu,89,1838537065
Kivu,90,1831764008
Kivu,91,1824800305
Kivu,92,1817640397
Kivu,93,1810974577
Kivu,94,1804477954
Kivu,95,1797939231
Kivu,96,1791473588
Kivu,97,1785703402
Kivu,98,1780441205
Kivu,99,1775543616
Kivu,100,1770827538
Kivu,101,1766084848
Kivu,102,1761244851
Kivu,103,1756554986
Kivu,104,1751904839
Kivu,105,1747218151
Kivu,106,1742539407
Kivu,107,1737842393
Kivu,108,1733127506
Kivu,109,1728239053
Kivu,110,1723365692
Kivu,111,1718318765
Kivu,112,1713065306
Kivu,113,1707987002
Kivu,114,1703173615
Kivu,115,1698361817
Kivu,116,1693545253
Kivu,117,1688845855
Kivu,118,1684234234
Kivu,119,1679634529
Kivu,120,1674893428
Kivu,121,1670296502
Kivu,122,1665709109
Kivu,123,1660992633
Kivu,124,1656242000
Kivu,125,1651581129
Kivu,126,1646986190
Kivu,127,1642391250
Kivu,128,1637731571
Kivu,129,1632933673
Kivu,130,1627980480
Kivu,131,1623247720
Kivu,132,1618638482
Kivu,133,1614000250
Kivu,134,1609445028
Kivu,135,1604686849
Kivu,136,1599948131
Kivu,137,1594894850
Kivu,138,1589695804
Kivu,139,1584913794
Kivu,140,1580210425
Kivu,141,1575272324
Kivu,142,1570668647
Kivu,143,1566207953
Kivu,144,1561765132
Kivu,145,1557122929
Kivu,146,1552290080
Kivu,147,1547226074
Kivu,148,1542355494
Kivu,149,1537613996
Kivu,150,1532945579
Kivu,151,1528272395
Kivu,152,1523524542
Kivu,153,1518810847
Kivu,154,1514109067
Kivu,155,1509317127
Kivu,156,1504705109
Kivu,157,1500283736
Kivu,158,1495807155
Kivu,159,1491290856
Kivu,160,1486889342
Kivu,161,1482473132
Kivu,162,1477894476
Kivu,163,1473440137
Kivu,164,1469000097
Kivu,165,1464433357
Kivu,166,1459842389
Kivu,167,1455032576
Kivu,168,1450229516
Kivu,169,1445267982
Kivu,170,1440305257
Kivu,171,1435149900
Kivu,172,1430131570
Kivu,173,1425310637
Kivu,174,1421022715
Kivu,175,1416455578
Kivu,176,1411878908
Kivu,177,1407385249
Kivu,178,1402862595
Kivu,179,1398128644
Kivu,180,1393328761
Kivu,181,1388635321
Kivu,182,1383810416
Kivu,183,1378979156
Kivu,184,1373951294
Kivu,185,1368772107
Kivu,186,1363389566
Kivu,187,1358078516
Kivu,188,1352693989
Kivu,189,1347099752
Kivu,190,1341779170
Kivu,191,1336338244
Kivu,192,1330645904
Kivu,193,1324256122
Kivu,194,1318830288
Kivu,195,1313500571
Kivu,196,1307785196
Kivu,197,1301556270
Kivu,198,1296414021
Kivu,199,1291142292
Kivu,200,1285550438
Kivu,201,1279559422
Kivu,202,1272803443
Kivu,203,1266977652
Kivu,204,1262110646
Kivu,205,1257519678
Kivu,206,1253312780
Kivu,207,1249295336
Kivu,208,1245336276
Kivu,209,1241328364
Kivu,210,1237311317
Kivu,211,1233391181
Kivu,212,1229540948
Kivu,213,1225477034
Kivu,214,1221423049
Kivu,215,1217178420
Kivu,216,1212987409
Kivu,217,1208725303
Kivu,218,1204497752
Kivu,219,1200409611
Kivu,220,1197014542
Kivu,221,1193759678
Kivu,222,1190502033
Kivu,223,1187252728
Kivu,224,1183981976
Kivu,225,1180690969
Kivu,226,1177363818
Kivu,227,1173976296
Kivu,228,1170624123
Kivu,229,1167365286
Kivu,230,1164012716
Kivu,231,1160664912
Kivu,232,1157339747
Kivu,233,1153939912
Kivu,234,1150632620
Kivu,235,1147253439
Kivu,236,1143838512
Kivu,237,1140476807
Kivu,238,1137052348
Kivu,239,1133669592
Kivu,240,1130147427
Kivu,241,1126695165
Kivu,242,1123231783
Kivu,243,1119869680
Kivu,244,1116486924
Kivu,245,1113092253
Kivu,246,1109758748
Kivu,247,1106260811
Kivu,248,1102779952
Kivu,249,1099293136
Kivu,250,1095828562
Kivu,251,1092254367
Kivu,252,1088673420
Kivu,253,1085117495
Kivu,254,1081576663
Kivu,255,1077999688
Kivu,256,1074411194
Kivu,257,1070739294
Kivu,258,1067081692
Kivu,259,1063418132
Kivu,260,1059720018
Kivu,261,1056089027
Kivu,262,1052519995
Kivu,263,1048923558
Kivu,264,1045209557
Kivu,265,1041537259
Kivu,266,1037899119
Kivu,267,1034389266
Kivu,268,1030926678
Kivu,269,1027436685
Kivu,270,1023887909
Kivu,271,1020376865
Kivu,272,1016899978
Kivu,273,1013357160
Kivu,274,1009829435
Kivu,275,1006231012
Kivu,276,1002596844
Kivu,277,998908262
Kivu,278,995250660
Kivu,279,991600604
Kivu,280,987892560
Kivu,281,984124543
Kivu,282,980418882
Kivu,283,976593274
Kivu,284,972753368
Kivu,285,968905915
Kivu,286,965031455
Kivu,287,961103375
Kivu,288,957072029
Kivu,289,953024002
Kivu,290,949145967
Kivu,291,945047498
Kivu,292,940928377
Kivu,293,937008241
Kivu,294,933043621
Kivu,295,929086944
Kivu,296,925065528
Kivu,297,920995657
Kivu,298,916795511
Kivu,299,912431728
Kivu,300,908272491
Kivu,301,904136688
Kivu,302,900071186
Kivu,303,896052152
Kivu,304,891926676
Kivu,305,887812320
Kivu,306,883761513
Kivu,307,879720635
Kivu,308,875634876
Kivu,309,871365225
Kivu,310,867219889
Kivu,311,862906945
Kivu,312,858688926
Kivu,313,854282646
Kivu,314,849893841
Kivu,315,845483986
Kivu,316,840896593
Kivu,317,836181705
Kivu,318,831254329
Kivu,319,826733264
Kivu,320,822344062
Kivu,321,818016025
Kivu,322,813645491
Kivu,323,809230075
Kivu,324,804718940
Kivu,325,800236798
Kivu,326,795766175
Kivu,327,791109673
Kivu,328,786296286
Kivu,329,781184222
Kivu,330,775856491
Kivu,331,770270595
Kivu,332,765271329
Kivu,333,760339584
Kivu,334,755308146
Kivu,335,750151202
Kivu,336,744745624
Kivu,337,739301123
Kivu,338,733921362
Kivu,339,728618653
Kivu,340,723068503
Kivu,341,717067557
Kivu,342,710792162
Kivu,343,704451232
Kivu,344,698459421
Kivu,345,692234468
Kivu,346,685994421
Kivu,347,679276571
Kivu,348,672543231
Kivu,349,666082752
Kivu,350,659878848
Kivu,351,653557778
Kivu,352,647550080
Kivu,353,641472876
Kivu,354,635076739
Kivu,355,629086120
Kivu,356,622765844
Kivu,357,616990097
Kivu,358,611042373
Kivu,359,604458371
Kivu,360,598117442
Kivu,361,592338915
Kivu,362,586553636
Kivu,363,580889497
Kivu,364,575155851
Kivu,365,569249433
Kivu,366,562885865
Kivu,367,556187873
Kivu,368,549360005
Kivu,369,542598068
Kivu,370,535809123
Kivu,371,529422519
Kivu,372,522901271
Kivu,373,515791804
Kivu,374,507876069
Kivu,375,499366156
Kivu,376,490986518
Kivu,377,482359835
Kivu,378,475050986
Kivu,379,468643728
Kivu,380,463034001
Kivu,381,457763464
Kivu,382,452759432
Kivu,383,448007607
Kivu,384,443220037
Kivu,385,438536924
Kivu,386,433714799
Kivu,387,428592012
Kivu,388,424300118
Kivu,389,420241367
Kivu,390,415999518
Kivu,391,411971350
Kivu,392,407658803
Kivu,393,403241004
Kivu,394,398502286
Kivu,395,393392605
Kivu,396,388623305
Kivu,397,383658197
Kivu,398,378345161
Kivu,399,373453927
Kivu,400,368497160
Kivu,401,362730151
Kivu,402,355945178
Kivu,403,350701251
Kivu,404,345962136
Kivu,405,341862079
Kivu,406,337759639
Kivu,407,334498022
Kivu,408,331161339
Kivu,409,328074480
Kivu,410,324734619
Kivu,411,321287124
Kivu,412,318147838
Kivu,413,315091164
Kivu,414,311885946
Kivu,415,308066693
Kivu,416,304293910
Kivu,417,300556872
Kivu,418,296621644
Kivu,419,292643122
Kivu,420,288408819
Kivu,421,283556112
Kivu,422,278023040
Kivu,423,271592349
Kivu,424,266069207
Kivu,425,261159306
Kivu,426,256739919
Kivu,427,251951157
Kivu,428,246611510
Kivu,429,240887000
Kivu,430,234933715
Kivu,431,229309293
Kivu,432,224455394
Kivu,433,220622240
Kivu,434,217084585
Kivu,435,213654962
Kivu,436,210464043
Kivu,437,207029257
Kivu,438,203524171
Kivu,439,199859420
Kivu,440,195277984
Kivu,441,189910535
Kivu,442,184027948
Kivu,443,177857805
Kivu,444,171945032
Kivu,445,166579172
Kivu,446,162164551
Kivu,447,158234088
Kivu,448,153728911
Kivu,449,148641472
Kivu,450,143214843
Kivu,451,137872814
Kivu,452,133250072
Kivu,453,128664267
Kivu,454,124177757
Kivu,455,119982775
Kivu,456,115649177
Kivu,457,111305651
Kivu,458,107764819
Kivu,459,104254569
Kivu,460,100670445
Kivu,461,97063284
Kivu,462,92794426.6
Kivu,463,87330463.9
Kivu,464,80276204.9
Kivu,465,72602747.1
Kivu,466,66919939.9
Kivu,467,60942824.6
Kivu,468,56183453.7
Kivu,469,50881539.2
Kivu,470,41974847.1
Kivu,471,30994097.1
Kivu,472,20516173.1
Kivu,473,16150801.7
Kivu,474,14898105.8
Kivu,475,13116767.4
Kivu,476,11626162.4
Kivu,477,10377438.2
Kivu,478,8958722.31
Kivu,479,6511715.39
Kivu,480,3540037.77
Kivu,481,1269774.57
Kivu,482,136628.856
Kivu,483,0
Klicava,0,718048
Klicava,0.1,714736
Klicava,0.2,711508
Klicava,0.3,708188
Klicava,0.4,704928
Klicava,0.5,701916
Klicava,0.6,699080
Klicava,0.7,696268
Klicava,0.8,693336
Klicava,0.9,690308
Klicava,1,687372
Klicava,1.1,684108
Klicava,1.2,680960
Klicava,1.3,677180
Klicava,1.4,673852
Klicava,1.5,670564
Klicava,1.6,667300
Klicava,1.7,664168
Klicava,1.8,661100
Klicava,1.9,657796
Klicava,2,654500
Klicava,2.1,651456
Klicava,2.2,648360
Klicava,2.3,645100
Klicava,2.4,641768
Klicava,2.5,638236
Klicava,2.6,634944
Klicava,2.7,631712
Klicava,2.8,628792
Klicava,2.9,625888
Klicava,3,623052
Klicava,3.1,620032
Klicava,3.2,616744
Klicava,3.3,613444
Klicava,3.4,610164
Klicava,3.5,606616
Klicava,3.6,603288
Klicava,3.7,599572
Klicava,3.8,596092
Klicava,3.9,592496
Klicava,4,588272
Klicava,4.1,585660
Klicava,4.2,582980
Klicava,4.3,580112
Klicava,4.4,577240
Klicava,4.5,574360
Klicava,4.6,571308
Klicava,4.7,567904
Klicava,4.8,564644
Klicava,4.9,561124
Klicava,5,556704
Klicava,5.1,551784
Klicava,5.2,548340
Klicava,5.3,545668
Klicava,5.4,542984
Klicava,5.5,540356
Klicava,5.6,537752
Klicava,5.7,534816
Klicava,5.8,531772
Klicava,5.9,528712
Klicava,6,525840
Klicava,6.1,523236
Klicava,6.2,520508
Klicava,6.3,518096
Klicava,6.4,515524
Klicava,6.5,513128
Klicava,6.6,510664
Klicava,6.7,508128
Klicava,6.8,505596
Klicava,6.9,502860
Klicava,7,500284
Klicava,7.1,497816
Klicava,7.2,495416
Klicava,7.3,492928
Klicava,7.4,490120
Klicava,7.5,487264
Klicava,7.6,484088
Klicava,7.7,480700
Klicava,7.8,477428
Klicava,7.9,474376
Klicava,8,471520
Klicava,8.1,468676
Klicava,8.2,465876
Klicava,8.3,463060
Klicava,8.4,460676
Klicava,8.5,458260
Klicava,8.6,455880
Klicava,8.7,453640
Klicava,8.8,451392
Klicava,8.9,449040
Klicava,9,446444
Klicava,9.1,443980
Klicava,9.2,441404
Klicava,9.3,438832
Klicava,9.4,436348
Klicava,9.5,433820
Klicava,9.6,431556
Klicava,9.7,429340
Klicava,9.8,427108
Klicava,9.9,424972
Klicava,10,422632
Klicava,10.1,420512
Klicava,10.2,418160
Klicava,10.3,415712
Klicava,10.4,413236
Klicava,10.5,410820
Klicava,10.6,408540
Klicava,10.7,406264
Klicava,10.8,404096
Klicava,10.9,402056
Klicava,11,399952
Klicava,11.1,397840
Klicava,11.2,395576
Klicava,11.3,393476
Klicava,11.4,391224
Klicava,11.5,388940
Klicava,11.6,386296
Klicava,11.7,383992
Klicava,11.8,381716
Klicava,11.9,379708
Klicava,12,377676
Klicava,12.1,375660
Klicava,12.2,373448
Klicava,12.3,371080
Klicava,12.4,368572
Klicava,12.5,366028
Klicava,12.6,363800
Klicava,12.7,361164
Klicava,12.8,358688
Klicava,12.9,356252
Klicava,13,354164
Klicava,13.1,351936
Klicava,13.2,349552
Klicava,13.3,346920
Klicava,13.4,344664
Klicava,13.5,342492
Klicava,13.6,340048
Klicava,13.7,337732
Klicava,13.8,335428
Klicava,13.9,333256
Klicava,14,330832
Klicava,14.1,327964
Klicava,14.2,325048
Klicava,14.3,322396
Klicava,14.4,320108
Klicava,14.5,318000
Klicava,14.6,315692
Klicava,14.7,313448
Klicava,14.8,311044
Klicava,14.9,308804
Klicava,15,306228
Klicava,15.1,304224
Klicava,15.2,302028
Klicava,15.3,299584
Klicava,15.4,297224
Klicava,15.5,294436
Klicava,15.6,291712
Klicava,15.7,289424
Klicava,15.8,287052
Klicava,15.9,284600
Klicava,16,281924
Klicava,16.1,279180
Klicava,16.2,276732
Klicava,16.3,274068
Klicava,16.4,270884
Klicava,16.5,268044
Klicava,16.6,265224
Klicava,16.7,263032
Klicava,16.8,260960
Klicava,16.9,259064
Klicava,17,257240
Klicava,17.1,255536
Klicava,17.2,253552
Klicava,17.3,251616
Klicava,17.4,249764
Klicava,17.5,247952
Klicava,17.6,246208
Klicava,17.7,244572
Klicava,17.8,242588
Klicava,17.9,240836
Klicava,18,239068
Klicava,18.1,237384
Klicava,18.2,235752
Klicava,18.3,233984
Klicava,18.4,232072
Klicava,18.5,230232
Klicava,18.6,228256
Klicava,18.7,225828
Klicava,18.8,223380
Klicava,18.9,221356
Klicava,19,219400
Klicava,19.1,217424
Klicava,19.2,215284
Klicava,19.3,213228
Klicava,19.4,211172
Klicava,19.5,209356
Klicava,19.6,207224
Klicava,19.7,205200
Klicava,19.8,203068
Klicava,19.9,201124
Klicava,20,198876
Klicava,20.1,196684
Klicava,20.2,194536
Klicava,20.3,192540
Klicava,20.4,190748
Klicava,20.5,189064
Klicava,20.6,187416
Klicava,20.7,185896
Klicava,20.8,184512
Klicava,20.9,183008
Klicava,21,181408
Klicava,21.1,179524
Klicava,21.2,177568
Klicava,21.3,175868
Klicava,21.4,174328
Klicava,21.5,172740
Klicava,21.6,170956
Klicava,21.7,169068
Klicava,21.8,166552
Klicava,21.9,164204
Klicava,22,161976
Klicava,22.1,160152
Klicava,22.2,158360
Klicava,22.3,156676
Klicava,22.4,154928
Klicava,22.5,153100
Klicava,22.6,151292
Klicava,22.7,149428
Klicava,22.8,147676
Klicava,22.9,145844
Klicava,23,144048
Klicava,23.1,142504
Klicava,23.2,140908
Klicava,23.3,139316
Klicava,23.4,137920
Klicava,23.5,136528
Klicava,23.6,135100
Klicava,23.7,133412
Klicava,23.8,131652
Klicava,23.9,130012
Klicava,24,128380
Klicava,24.1,126760
Klicava,24.2,125316
Klicava,24.3,123668
Klicava,24.4,121896
Klicava,24.5,120208
Klicava,24.6,118612
Klicava,24.7,117016
Klicava,24.8,115368
Klicava,24.9,113788
Klicava,25,112392
Klicava,25.1,110840
Klicava,25.2,109152
Klicava,25.3,107468
Klicava,25.4,105624
Klicava,25.5,104000
Klicava,25.6,102560
Klicava,25.7,101256
Klicava,25.8,99744
Klicava,25.9,98340
Klicava,26,97000
Klicava,26.1,95868
Klicava,26.2,94828
Klicava,26.3,93652
Klicava,26.4,92360
Klicava,26.5,90880
Klicava,26.6,89516
Klicava,26.7,88208
Klicava,26.8,86808
Klicava,26.9,85464
Klicava,27,84076
Klicava,27.1,82784
Klicava,27.2,81344
Klicava,27.3,80132
Klicava,27.4,78944
Klicava,27.5,77820
Klicava,27.6,76744
Klicava,27.7,75620
Klicava,27.8,74396
Klicava,27.9,72848
Klicava,28,71204
Klicava,28.1,69644
Klicava,28.2,68056
Klicava,28.3,66620
Klicava,28.4,64992
Klicava,28.5,63312
Klicava,28.6,61312
Klicava,28.7,59360
Klicava,28.8,57832
Klicava,28.9,56180
Klicava,29,54708
Klicava,29.1,53196
Klicava,29.2,51556
Klicava,29.3,50136
Klicava,29.4,48352
Klicava,29.5,46252
Klicava,29.6,44744
Klicava,29.7,43468
Klicava,29.8,42152
Klicava,29.9,40688
Klicava,30,39244
Klicava,30.1,37604
Klicava,30.2,36056
Klicava,30.3,34420
Klicava,30.4,32968
Klicava,30.5,31576
Klicava,30.6,30428
Klicava,30.7,29344
Klicava,30.8,27964
Klicava,30.9,26504
Klicava,31,25276
Klicava,31.1,24036
Klicava,31.2,22924
Klicava,31.3,21852
Klicava,31.4,20776
Klicava,31.5,19988
Klicava,31.6,19260
Klicava,31.7,18584
Klicava,31.8,17956
Klicava,31.9,17348
Klicava,32,16604
Klicava,32.1,15840
Klicava,32.2,15112
Klicava,32.3,14276
Klicava,32.4,13260
Klicava,32.5,12264
Klicava,32.6,11192
Klicava,32.7,10156
Klicava,32.8,9396
Klicava,32.9,8820
Klicava,33,8240
Klicava,33.1,7612
Klicava,33.2,7016
Klicava,33.3,6480
Klicava,33.4,5996
Klicava,33.5,5540
Klicava,33.6,5196
Klicava,33.7,4812
Klicava,33.8,4332
Klicava,33.9,3996
Klicava,34,3632
Klicava,34.1,3316
Klicava,34.2,3032
Klicava,34.3,2508
Klicava,34.4,1976
Klicava,34.5,1532
Klicava,34.6,960
Klicava,34.7,372
Klicava,34.8,224
Klicava,34.9,160
Klicava,35,120
Klicava,35.1,108
Klicava,35.2,96
Klicava,35.3,88
Klicava,35.4,80
Klicava,35.5,72
Klicava,35.6,68
Klicava,35.7,56
Klicava,35.8,52
Klicava,35.9,44
Klicava,36,44
Klicava,36.1,32
Klicava,36.2,24
Klicava,36.3,20
Klicava,36.4,20
Klicava,36.5,16
Klicava,36.6,16
Klicava,36.7,12
Klicava,36.8,8
Klicava,36.9,4
Klicava,37,0
Kuivajarvi,0,638095.1247
Kuivajarvi,1.5,541154.3035
Kuivajarvi,3,386345.1998
Kuivajarvi,6,226745.4091
Kuivajarvi,10,77936.7367
Langtjern,0,59774
Langtjern,1,47228.83951
Langtjern,2,36159.58025
Langtjern,3,26566.22222
Langtjern,4,18448.76543
Langtjern,5,11807.20988
Langtjern,6,6641.555556
Langtjern,7,2951.802469
Langtjern,8,737.9506173
Langtjern,9,10
Laramie,0,140000
Laramie,1,1e+05
Laramie,2,47000
Laramie,3,36000
Laramie,4,28000
Laramie,5,20000
Laramie,6,8000
Laramie,6.4,0
LowerLakeZurich,0,66600000
LowerLakeZurich,5,6.1e+07
LowerLakeZurich,10,58300000
LowerLakeZurich,15,54100000
LowerLakeZurich,20,46700000
LowerLakeZurich,25,33700000
LowerLakeZurich,30,30300000
LowerLakeZurich,35,28700000
LowerLakeZurich,40,27200000
LowerLakeZurich,45,25800000
LowerLakeZurich,50,24700000
LowerLakeZurich,55,23600000
LowerLakeZurich,60,22300000
LowerLakeZurich,65,20100000
LowerLakeZurich,70,19900000
LowerLakeZurich,75,1.9e+07
LowerLakeZurich,80,18200000
LowerLakeZurich,85,17400000
LowerLakeZurich,90,16600000
LowerLakeZurich,95,15700000
LowerLakeZurich,100,14800000
LowerLakeZurich,105,13800000
LowerLakeZurich,110,12600000
LowerLakeZurich,115,11100000
LowerLakeZurich,120,9e+06
LowerLakeZurich,125,6300000
LowerLakeZurich,130,3400000
LowerLakeZurich,135,5e+05
LowerLakeZurich,136,0
Mendota,0,39400000
Mendota,1,36287400
Mendota,2,34278000
Mendota,3,32347400
Mendota,4,30535000
Mendota,5,28919600
Mendota,6,28013400
Mendota,7,27225400
Mendota,8,26201000
Mendota,9,25176600
Mendota,10,24194600
Mendota,11,22891400
Mendota,12,21276000
Mendota,13,20054600
Mendota,14,18557400
Mendota,15,17730000
Mendota,16,16508600
Mendota,17,15326600
Mendota,18,13790000
Mendota,19,11386600
Mendota,20,8668000
Mendota,21,5949400
Mendota,22,3546000
Mendota,23,1615400
Mendota,24,118200
Mendota,25,0
Monona,0,13671693.82
Monona,0.735724138,12866740.5
Monona,1.471448276,11912609.83
Monona,2.207172414,10691643.24
Monona,2.942896552,10257223.2
Monona,3.67862069,9629569.403
Monona,4.414344828,9218351.394
Monona,5.150068966,8738651.164
Monona,5.885793103,8372363.687
Monona,6.621517241,7954976.784
Monona,7.357241379,7618160.139
Monona,8.092965517,7221702.522
Monona,8.828689655,6911909.131
Monona,9.564413793,6274040.444
Monona,10.30013793,5713620.104
Monona,11.03586207,4959541.432
Monona,11.77158621,4201741.444
Monona,12.50731034,3593043.885
Monona,13.24303448,3087818.918
Monona,13.97875862,2226046.832
Monona,14.71448276,1811232.383
Monona,15.4502069,1078932.157
Monona,16.18593103,766566.3124
Monona,16.92165517,471708.1401
Monona,17.65737931,324678.6584
Monona,18.39310345,200876.1884
Monona,19.12882759,119731.4991
Monona,19.86455172,52747.79434
Monona,20.60027586,32268.06359
Monona,21.336,23676.56678
Mozhaysk,0,23670000
Mozhaysk,2,21380000
Mozhaysk,4,1.9e+07
Mozhaysk,6,16590000
Mozhaysk,8,14180000
Mozhaysk,10,11610000
Mozhaysk,12,7410000
Mozhaysk,14,3220000
Mozhaysk,16,1420000
Mozhaysk,18,160000
Mozhaysk,20,10000
Mozhaysk,21,0
MtBold,0,3218765.185
MtBold,1.422,3062689.189
MtBold,1.922,2948584.346
MtBold,2.422,2856563.341
MtBold,2.922,2775227.727
MtBold,3.422,2695274.346
MtBold,3.922,2618577.774
MtBold,4.422,2548799.723
MtBold,4.922,2483161.413
MtBold,5.422,2418261.986
MtBold,5.922,2355142.632
MtBold,6.422,2294479.109
MtBold,6.922,2235491.625
MtBold,7.422,2178569.428
MtBold,7.922,2124045.899
MtBold,8.422,2070122.308
MtBold,8.922,2016899.936
MtBold,9.422,1964052.526
MtBold,9.922,1911627.137
MtBold,10.422,1860803.299
MtBold,10.922,1810233.183
MtBold,11.422,1758164.123
MtBold,11.922,1705668.625
MtBold,12.422,1653867.296
MtBold,12.922,1602452.202
MtBold,13.422,1552586.343
MtBold,13.922,1506947.724
MtBold,14.422,1462163.528
MtBold,14.922,1416977.858
MtBold,15.422,1371157.459
MtBold,15.922,1324520.552
MtBold,16.422,1280354.086
MtBold,16.922,1235471.98
MtBold,17.422,1189839.092
MtBold,17.922,1144945.277
MtBold,18.422,1100162.711
MtBold,18.922,1055617.542
MtBold,19.422,1010464.251
MtBold,19.922,968025.2338
MtBold,20.422,928197.4869
MtBold,20.922,888880.5988
MtBold,21.422,849340.9565
MtBold,21.922,808597.2341
MtBold,22.422,770251.1825
MtBold,22.922,734939.3963
MtBold,23.422,698666.642
MtBold,23.922,664572.5684
MtBold,24.422,631906.7321
MtBold,24.922,600545.756
MtBold,25.422,569235.2606
MtBold,25.922,540615.8967
MtBold,26.422,511786.9066
MtBold,26.922,483848.3321
MtBold,27.422,453378.7446
MtBold,27.922,425143.8354
MtBold,28.422,395638.1714
MtBold,28.922,366716.4099
MtBold,29.422,343383.7889
MtBold,29.922,323258.1189
MtBold,30.422,302625.2377
MtBold,30.922,282088.5216
MtBold,31.422,266122.3233
MtBold,31.922,247215.606
MtBold,32.422,228189.7894
MtBold,32.922,212408.4322
MtBold,33.422,194905.0745
MtBold,33.922,178049.2687
MtBold,34.422,164826.9421
MtBold,34.922,152577.9386
MtBold,35.422,140012.8172
MtBold,35.922,129081.5062
MtBold,36.422,118579.7529
MtBold,36.922,107427.1823
MtBold,37.422,97041.73478
MtBold,37.922,88374.71127
MtBold,38.422,79005.61478
MtBold,38.922,70676.89161
MtBold,39.422,63167.06514
MtBold,39.922,54830.0637
MtBold,40.422,46688.43644
MtBold,40.922,33551.01933
MtBold,41.422,27720.4792
MtBold,41.922,19417.24833
MtBold,42.422,7818.792861
MtBold,42.922,1394.577006
MtBold,43.422,51.58026516
MtBold,43.922,33.20416156
MtBold,44.422,18.10702914
MtBold,44.922,5.833110646
MtBold,45.422,0
Muggelsee,0,7656520.87
Muggelsee,0.5,7519178.53
Muggelsee,1,7066989.45
Muggelsee,1.5,6727154.54
Muggelsee,2,6558198.79
Muggelsee,2.5,6313602.4
Muggelsee,3,5909203.95
Muggelsee,3.5,5500014.68
Muggelsee,4,5184162.06
Muggelsee,4.5,4835735.41
Muggelsee,5,4352122.49
Muggelsee,5.5,3772833.41
Muggelsee,6,3117794.71
Muggelsee,6.5,1916529.4
Muggelsee,7,367406.06
Muggelsee,7.5,71018.68
Muggelsee,8,3854.35
Muggelsee,8.5,426.79
Muggelsee,8.92,0
Neuchatel,0,217900000
Neuchatel,9,162500000
Neuchatel,19,1.52e+08
Neuchatel,29,1.42e+08
Neuchatel,39,1.32e+08
Neuchatel,49,1.22e+08
Neuchatel,59,1.1e+08
Neuchatel,69,9.8e+07
Neuchatel,79,8.5e+07
Neuchatel,89,7.5e+07
Neuchatel,99,6.5e+07
Neuchatel,109,5.7e+07
Neuchatel,119,4.6e+07
Neuchatel,129,3.2e+07
Neuchatel,139,1e+07
Neuchatel,149,1e+06
Neuchatel,153,10000
Neuchatel,154,0
Ngoring,0,617869800
Ngoring,3.07,504186500
Ngoring,6.14,404699500
Ngoring,9.21,315871100
Ngoring,12.28,239405600
Ngoring,15.35,174312300
Ngoring,18.42,119542000
Ngoring,21.49,72770480
Ngoring,24.56,32019600
Ngoring,27.63,5811716
Ngoring,30.7,0
NohipaloMustjarv,0,211908
NohipaloMustjarv,1,204623
NohipaloMustjarv,2,172089
NohipaloMustjarv,3,138539
NohipaloMustjarv,4,105318
NohipaloMustjarv,5,72375
NohipaloMustjarv,6,40147
NohipaloMustjarv,7,18981
NohipaloMustjarv,8,1623
NohipaloMustjarv,8.9,0
NohipaloValgejarv,0,67967
NohipaloValgejarv,1,62418
NohipaloValgejarv,2,53842
NohipaloValgejarv,3,46655
NohipaloValgejarv,4,39162
NohipaloValgejarv,5,32566
NohipaloValgejarv,6,24687
NohipaloValgejarv,7,15383
NohipaloValgejarv,8,8732
NohipaloValgejarv,9,3917
NohipaloValgejarv,10,1454
NohipaloValgejarv,11,142
NohipaloValgejarv,12.5,0
Okauchee,0,4632223
Okauchee,1,4460554.43094324
Okauchee,2,4289090.06670069
Okauchee,3,4120234.23613167
Okauchee,4,3951377.43089721
Okauchee,5,3782512.98259671
Okauchee,6,3613648.53429621
Okauchee,7,3444784.08599571
Okauchee,8,3275919.63769521
Okauchee,9,3107055.18939471
Okauchee,10,2938192.76539933
Okauchee,11,2769336.93483031
Okauchee,12,2600478.73093804
Okauchee,13,2431614.28263754
Okauchee,14,2262749.83433704
Okauchee,15,2093885.38603654
Okauchee,16,1925024.01081909
Okauchee,17,1756168.18025006
Okauchee,18,1587308.92757987
Okauchee,19,1418444.47927937
Okauchee,20,1249580.03097886
Okauchee,21,1080715.58267837
Okauchee,22,911851.134377867
Okauchee,23,742986.686077368
Okauchee,24,574126.709517732
Okauchee,25,405270.878948709
Okauchee,26,236410.227620698
Okauchee,27,67545.7793201993
Okauchee,28,0
Paajarvi,0,13444400
Paajarvi,1.5,11965000
Paajarvi,2,10794000
Paajarvi,3,9239000
Paajarvi,4,8474000
Paajarvi,6,7575000
Paajarvi,10,5959000
Paajarvi,15,4393000
Paajarvi,20,3355000
Paajarvi,30,2461000
Paajarvi,40,1646000
Paajarvi,50,702000
Paajarvi,60,293000
Paajarvi,70,49000
Paajarvi,80,5000
Rappbode,0,4344724
Rappbode,0.2,4309776
Rappbode,0.7,4223928
Rappbode,1.2,4140217
Rappbode,1.7,4058604
Rappbode,2.2,3979047
Rappbode,2.45,3940028
Rappbode,2.7,3869412
Rappbode,3.2,3823566
Rappbode,3.7,3780423
Rappbode,4.7,3627414
Rappbode,5.7,3465694
Rappbode,6.7,3343352
Rappbode,7.7,3236212
Rappbode,8.7,3130329
Rappbode,9.7,3016835
Rappbode,10.7,2904331
Rappbode,11.7,2798784
Rappbode,12.7,2701978
Rappbode,13.7,2610683
Rappbode,14.7,2521407
Rappbode,15.7,2445471
Rappbode,16.7,2376528
Rappbode,17.7,2311063
Rappbode,18.7,2248973
Rappbode,19.7,2184803
Rappbode,20.7,2118889
Rappbode,21.7,2053458
Rappbode,22.7,1989015
Rappbode,23.7,1930330
Rappbode,24.7,1865966
Rappbode,25.7,1803324
Rappbode,26.7,1742680
Rappbode,27.7,1687929
Rappbode,28.7,1639599
Rappbode,29.7,1589783
Rappbode,30.7,1538330
Rappbode,31.7,1486494
Rappbode,32.7,1432632
Rappbode,33.7,1378086
Rappbode,34.7,1330063
Rappbode,35.7,1278198
Rappbode,36.7,1220204
Rappbode,37.7,1165310
Rappbode,38.7,1120304
Rappbode,39.7,1076021
Rappbode,40.7,1029741
Rappbode,41.7,981558
Rappbode,42.7,938306
Rappbode,43.7,898553
Rappbode,44.7,861717
Rappbode,45.7,821311
Rappbode,46.7,782539
Rappbode,47.7,741853
Rappbode,48.7,695533
Rappbode,49.7,650900
Rappbode,50.7,613580
Rappbode,51.7,575845
Rappbode,52.7,536591
Rappbode,53.7,498159
Rappbode,54.7,466015
Rappbode,55.7,425508
Rappbode,56.7,394905
Rappbode,57.7,374536
Rappbode,58.7,354810
Rappbode,59.7,333970
Rappbode,60.7,311167
Rappbode,61.7,286679
Rappbode,62.7,265545
Rappbode,63.7,243884
Rappbode,64.7,213626
Rappbode,65.7,183490
Rappbode,66.7,167775
Rappbode,67.7,159019
Rappbode,68.7,150482
Rappbode,69.7,141305
Rappbode,70.7,131279
Rappbode,71.7,119951
Rappbode,72.7,107249
Rappbode,73.7,96358
Rappbode,74.7,87467
Rappbode,75.7,77105
Rappbode,76.7,62259
Rappbode,77.7,54008
Rappbode,78.7,47884
Rappbode,79.7,40966
Rappbode,80.7,30956
Rappbode,81.7,23807
Rappbode,82.7,14191
Rappbode,83.7,8790
Rappbode,84.7,4150
Rappbode,85.6,10
Rimov,0,2110400
Rimov,0.480000000000018,2066400
Rimov,1.48000000000002,1974500
Rimov,2.48000000000002,1897100
Rimov,3.48000000000002,1819700
Rimov,4.48000000000002,1738400
Rimov,6.48000000000002,1578400
Rimov,7.48000000000002,1499800
Rimov,8.48000000000002,1419700
Rimov,9.48000000000002,1339600
Rimov,10.48,1270200
Rimov,11.48,1200800
Rimov,12.48,1136300
Rimov,13.48,1071700
Rimov,14.48,1019200
Rimov,15.48,966700
Rimov,16.48,914900
Rimov,17.48,863200
Rimov,18.48,813300
Rimov,19.48,763500
Rimov,20.48,709800
Rimov,21.48,656100
Rimov,22.48,614500
Rimov,23.48,572900
Rimov,24.48,528400
Rimov,25.48,483900
Rimov,26.48,439800
Rimov,27.48,395700
Rimov,28.48,359900
Rimov,29.48,324200
Rimov,30.48,289400
Rimov,31.48,254600
Rimov,32.48,221700
Rimov,33.48,188900
Rimov,34.48,166500
Rimov,35.48,144100
Rimov,36.48,117600
Rimov,37.48,91200
Rimov,38.48,77300
Rimov,39.48,63400
Rimov,40.48,49500
Rimov,41.48,35600
Rimov,42.48,26800
Rimov,43.48,18000
Rimov,44.48,0
Rotorua,0,79305300
Rotorua,0.5,77817825
Rotorua,1,75475800
Rotorua,1.5,71813250
Rotorua,2,68217750
Rotorua,2.5,66464775
Rotorua,3,65047725
Rotorua,3.5,63746325
Rotorua,4,62121825
Rotorua,4.5,60464250
Rotorua,5,58710600
Rotorua,5.5,57222900
Rotorua,6,55640025
Rotorua,6.5,54218925
Rotorua,7,52770150
Rotorua,7.5,51093450
Rotorua,8,49323825
Rotorua,8.5,47370600
Rotorua,9,45253575
Rotorua,9.5,43303275
Rotorua,10,41564925
Rotorua,10.5,39827025
Rotorua,11,38153925
Rotorua,11.5,35626275
Rotorua,12,33561225
Rotorua,12.5,31334400
Rotorua,13,29280375
Rotorua,13.5,26925750
Rotorua,14,24919875
Rotorua,14.5,22918050
Rotorua,15,21191625
Rotorua,15.5,19354050
Rotorua,16,17611425
Rotorua,16.5,15660450
Rotorua,17,13676175
Rotorua,17.5,11746125
Rotorua,18,9814275
Rotorua,18.5,7968600
Rotorua,19,6612750
Rotorua,19.5,5408100
Rotorua,20,4551750
Rotorua,20.5,3771675
Rotorua,21,3237975
Rotorua,21.5,2744550
Rotorua,22,2373075
Rotorua,22.5,1889775
Rotorua,23,1363950
Rotorua,23.5,931050
Rotorua,24,630900
Rotorua,24.5,395325
Rotorua,25,237375
Rotorua,25.5,175500
Rotorua,26,153450
Rotorua,26.5,137925
Rotorua,27,125550
Rotorua,27.5,111600
Rotorua,28,100575
Rotorua,28.5,91575
Rotorua,29,81450
Rotorua,29.5,74700
Rotorua,30,68175
Rotorua,30.5,63225
Rotorua,31,60975
Rotorua,31.5,56700
Rotorua,32,51525
Rotorua,32.5,47250
Rotorua,33,42525
Rotorua,33.5,39825
Rotorua,34,37800
Rotorua,34.5,34650
Rotorua,35,33300
Rotorua,35.5,30600
Rotorua,36,27225
Rotorua,36.5,24075
Rotorua,37,22275
Rotorua,37.5,20025
Rotorua,38,18000
Rotorua,38.5,15300
Rotorua,39,14625
Rotorua,39.5,13500
Rotorua,40,12825
Rotorua,40.5,11475
Rotorua,41,10800
Rotorua,41.5,10350
Rotorua,42,9000
Rotorua,42.5,8100
Rotorua,43,7200
Rotorua,43.5,7200
Rotorua,44,6975
Rotorua,44.5,6750
Rotorua,45,6300
Rotorua,45.5,5400
Rotorua,46,4725
Rotorua,46.5,3150
Rotorua,47,2250
Rotorua,47.5,2025
Rotorua,48,1575
Rotorua,48.5,1350
Rotorua,49,1125
Rotorua,49.5,900
Rotorua,50,675
Rotorua,50.5,675
Rotorua,51,450
Rotorua,51.5,450
Rotorua,52,450
Rotorua,52.5,225
Rotorua,53,0
Sammamish,0,2e+07
Sammamish,1,19400000
Sammamish,2,1.9e+07
Sammamish,3,18500000
Sammamish,4,18100000
Sammamish,5,17600000
Sammamish,6,17100000
Sammamish,7,16500000
Sammamish,8,1.6e+07
Sammamish,9,15500000
Sammamish,10,14900000
Sammamish,11,14300000
Sammamish,12,13700000
Sammamish,13,13200000
Sammamish,14,12600000
Sammamish,15,12200000
Sammamish,16,11600000
Sammamish,17,11100000
Sammamish,18,10500000
Sammamish,19,1e+07
Sammamish,20,9400000
Sammamish,21,8700000
Sammamish,22,8200000
Sammamish,23,7600000
Sammamish,24,7e+06
Sammamish,25,6e+06
Sammamish,26,4300000
Sammamish,27,2500000
Sammamish,28,1700000
Sammamish,29,1e+06
Sammamish,30,5e+05
Sammamish,31,0
Sau,0,5999766.8
Sau,0.54000000000002,5944169.15
Sau,1.54000000000002,5810168.49
Sau,2.54000000000002,5661639.35
Sau,3.54000000000002,5534433.79
Sau,4.54000000000002,5399721.46
Sau,5.54000000000002,5264874.32
Sau,6.54000000000002,5097163.86
Sau,7.54000000000002,4960082.47
Sau,8.54000000000002,4843177.19
Sau,9.54000000000002,4720941.89
Sau,10.54,4608242.26
Sau,11.54,4495187.73
Sau,12.54,4393014.88
Sau,13.54,4292236.4
Sau,14.54,4193774.53
Sau,15.54,4084796.54
Sau,16.54,3930219.88
Sau,17.54,3790900.21
Sau,18.54,3671706.4
Sau,19.54,3563206.57
Sau,20.54,3426626.36
Sau,21.54,3326417.75
Sau,22.54,3229475.01
Sau,23.54,3135233.67
Sau,24.54,3042020.04
Sau,25.54,2945708.42
Sau,26.54,2846967.51
Sau,27.54,2724520.41
Sau,28.54,2603570.27
Sau,29.54,2508118.57
Sau,30.54,2429669.31
Sau,31.54,2359427.44
Sau,32.54,2286898.45
Sau,33.54,2223763.52
Sau,34.54,2163313.5
Sau,35.54,2105424.98
Sau,36.54,2043286.52
Sau,37.54,1967678.18
Sau,38.54,1900664.32
Sau,39.54,1839481.65
Sau,40.54,1771416.04
Sau,41.54,1708788.54
Sau,42.54,1651208.45
Sau,43.54,1592274.14
Sau,44.54,1532486.8
Sau,45.54,1469841.76
Sau,46.54,1407411.7
Sau,47.54,1340524.91
Sau,48.54,1264399.52
Sau,49.54,1169862.13
Sau,50.54,1054817.24
Sau,51.54,891087.99
Sau,52.54,781758.22
Sau,53.54,621455.23
Sau,54.54,485032.18
Sau,55.54,349191.39
Sau,56.54,164635.5
Sau,57.54,62376.85
Sau,58.54,11244.41
Sau,59.54,171
Sparkling,0,583054
Sparkling,1,549139.47
Sparkling,2,519084.94
Sparkling,3,496773.04
Sparkling,4,477533.67
Sparkling,5,455936.55
Sparkling,6,433585.95
Sparkling,7,409947.27
Sparkling,8,388695.96
Sparkling,9,372287.5
Sparkling,10,342890.92
Sparkling,11,314469.51
Sparkling,12,290860.78
Sparkling,13,265980.84
Sparkling,14,242479.71
Sparkling,15,221567.06
Sparkling,16,169595.12
Sparkling,17,116709.42
Sparkling,18,72989.35
Sparkling,19,0
Stechlin,0,4231549
Stechlin,0.5,4141318
Stechlin,1,4054462
Stechlin,1.5,3969475
Stechlin,2,3889495
Stechlin,2.5,3809706
Stechlin,3,3726536
Stechlin,3.5,3648890
Stechlin,4,3574840
Stechlin,4.5,3517310
Stechlin,5,3468050
Stechlin,5.5,3423374
Stechlin,6,3386555
Stechlin,6.5,3351545
Stechlin,7,3318678
Stechlin,7.5,3286046
Stechlin,8,3251176
Stechlin,8.5,3212557
Stechlin,9,3174119
Stechlin,9.5,3136977
Stechlin,10,3097542
Stechlin,10.5,3056917
Stechlin,11,3019864
Stechlin,11.5,2981292
Stechlin,12,2942661
Stechlin,12.5,2902547
Stechlin,13,2861329
Stechlin,13.5,2820356
Stechlin,14,2783068
Stechlin,14.5,2748412
Stechlin,15,2715164
Stechlin,15.5,2680158
Stechlin,16,2643813
Stechlin,16.5,2604401
Stechlin,17,2561741
Stechlin,17.5,2517433
Stechlin,18,2470982
Stechlin,18.5,2424213
Stechlin,19,2371132
Stechlin,19.5,2318389
Stechlin,20,2268956
Stechlin,20.5,2219604
Stechlin,21,2173447
Stechlin,21.5,2128782
Stechlin,22,2086124
Stechlin,22.5,2044154
Stechlin,23,2003131
Stechlin,23.5,1962791
Stechlin,24,1926288
Stechlin,24.5,1888958
Stechlin,25,1852822
Stechlin,25.5,1814174
Stechlin,26,1772399
Stechlin,26.5,1726366
Stechlin,27,1677585
Stechlin,27.5,1625381
Stechlin,28,1576885
Stechlin,28.5,1528566
Stechlin,29,1484285
Stechlin,29.5,1445816
Stechlin,30,1406403
Stechlin,30.5,1365643
Stechlin,31,1327309
Stechlin,31.5,1290155
Stechlin,32,1258464
Stechlin,32.5,1227044
Stechlin,33,1196254
Stechlin,33.5,1165296
Stechlin,34,1137545
Stechlin,34.5,1108870
Stechlin,35,1079775
Stechlin,35.5,1049236
Stechlin,36,1014807
Stechlin,36.5,977127
Stechlin,37,940780
Stechlin,37.5,906770
Stechlin,38,878050
Stechlin,38.5,849691
Stechlin,39,825947
Stechlin,39.5,801781
Stechlin,40,776500
Stechlin,40.5,754281
Stechlin,41,729308
Stechlin,41.5,702888
Stechlin,42,672406
Stechlin,42.5,640970
Stechlin,43,614106
Stechlin,43.5,595741
Stechlin,44,578935
Stechlin,44.5,563572
Stechlin,45,547015
Stechlin,45.5,530090
Stechlin,46,513218
Stechlin,46.5,495954
Stechlin,47,476730
Stechlin,47.5,455863
Stechlin,48,433172
Stechlin,48.5,409759
Stechlin,49,390878
Stechlin,49.5,372414
Stechlin,50,354815
Stechlin,50.5,336842
Stechlin,51,317896
Stechlin,51.5,297467
Stechlin,52,274673
Stechlin,52.5,255718
Stechlin,53,239288
Stechlin,53.5,223487
Stechlin,54,208354
Stechlin,54.5,195223
Stechlin,55,184444
Stechlin,55.5,175234
Stechlin,56,166533
Stechlin,56.5,157474
Stechlin,57,148142
Stechlin,57.5,137680
Stechlin,58,125168
Stechlin,58.5,113100
Stechlin,59,100814
Stechlin,59.5,91422
Stechlin,60,82723
Stechlin,60.5,74663
Stechlin,61,67595
Stechlin,61.5,61285
Stechlin,62,54979
Stechlin,62.5,49813
Stechlin,63,44525
Stechlin,63.5,40062
Stechlin,64,36420
Stechlin,64.5,33129
Stechlin,65,30387
Stechlin,65.5,27271
Stechlin,66,24274
Stechlin,66.5,21259
Stechlin,67,18067
Stechlin,67.5,15255
Stechlin,68,12241
Stechlin,68.5,9479
Stechlin,69,6297
Stechlin,69.5,2653
Stechlin,70,0
Sunapee,0,16934251.6150412
Sunapee,0.5,16826127.5927456
Sunapee,1,16489737.425924
Sunapee,1.5,16071488.9547934
Sunapee,2,15780918.0052615
Sunapee,2.5,15510517.5179687
Sunapee,3,15234317.579076
Sunapee,3.5,14951571.0718222
Sunapee,4,14691317.5119427
Sunapee,4.5,14418854.8471646
Sunapee,5,14148319.1351188
Sunapee,5.5,13863498.6182138
Sunapee,6,13576406.3254562
Sunapee,6.5,13285122.0653515
Sunapee,7,12988489.6662604
Sunapee,7.5,12673823.3560296
Sunapee,8,12356310.5647454
Sunapee,8.5,12013032.3870611
Sunapee,9,11644117.2864922
Sunapee,9.5,11253594.9606821
Sunapee,10,10843023.8749106
Sunapee,10.5,10365149.7391955
Sunapee,11,9852960.6320635
Sunapee,11.5,9274820.72251919
Sunapee,12,8623779.45825152
Sunapee,12.5,8028820.9700363
Sunapee,13,7476296.00935418
Sunapee,13.5,6928267.27171373
Sunapee,14,6468883.43068013
Sunapee,14.5,6016348.7233927
Sunapee,15,5579849.98151742
Sunapee,15.5,5158332.45197985
Sunapee,16,4796077.17050277
Sunapee,16.5,4414109.50063773
Sunapee,17,4050485.06853518
Sunapee,17.5,3653258.97558851
Sunapee,18,3264022.97524259
Sunapee,18.5,2978076.7122678
Sunapee,19,2723309.89674663
Sunapee,19.5,2485285.59597272
Sunapee,20,2234911.89461895
Sunapee,20.5,1988527.3234826
Sunapee,21,1740820.93038437
Sunapee,21.5,1505854.39934068
Sunapee,22,1283336.99713228
Sunapee,22.5,1088626.87509625
Sunapee,23,925704.711902928
Sunapee,23.5,797467.69788819
Sunapee,24,676930.043254955
Sunapee,24.5,575947.578234148
Sunapee,25,483528.220705481
Sunapee,25.5,401221.98440174
Sunapee,26,327112.058447265
Sunapee,26.5,269137.826160371
Sunapee,27,214836.636230449
Sunapee,27.5,168576.248183691
Sunapee,28,133941.808287532
Sunapee,28.5,105037.517305379
Sunapee,29,79030.4166590976
Sunapee,29.5,62734.1435971714
Sunapee,30,51853.621898217
Sunapee,30.5,41551.1860189057
Sunapee,31,33207.818750607
Sunapee,31.5,25205.8939839688
Sunapee,32,7254.80800557901
Sunapee,32.5,158.889084931134
Sunapee,33,64.231757738118
Sunapee,33.5,38.877116525703
Sunapee,34,16.90309414161
Sunapee,34.5,1
Tahoe,0,465969400
Tahoe,1,465851400
Tahoe,2,465733400
Tahoe,3,465615400
Tahoe,4,465497400
Tahoe,5,465379400
Tahoe,6,465261400
Tahoe,7,465143400
Tahoe,8,465025400
Tahoe,9,464907400
Tahoe,10,464589400
Tahoe,11,464080100
Tahoe,12,463452800
Tahoe,13,462640700
Tahoe,14,461732300
Tahoe,15,460561300
Tahoe,16,459184300
Tahoe,17,457119000
Tahoe,18,454725500
Tahoe,19,451800200
Tahoe,20,449639100
Tahoe,21,448503000
Tahoe,22,447440100
Tahoe,23,446358600
Tahoe,24,445285500
Tahoe,25,444047400
Tahoe,26,442574000
Tahoe,27,440834200
Tahoe,28,439263700
Tahoe,29,437963300
Tahoe,30,436682600
Tahoe,31,435429600
Tahoe,32,434181600
Tahoe,33,433112700
Tahoe,34,432128800
Tahoe,35,431288500
Tahoe,36,430539200
Tahoe,37,429796300
Tahoe,38,429112700
Tahoe,39,428447100
Tahoe,40,427826800
Tahoe,41,427205800
Tahoe,42,426618400
Tahoe,43,426029700
Tahoe,44,425468200
Tahoe,45,424919500
Tahoe,46,424392000
Tahoe,47,423867400
Tahoe,48,423356100
Tahoe,49,422841400
Tahoe,50,422332800
Tahoe,51,421832800
Tahoe,52,421327300
Tahoe,53,420833200
Tahoe,54,420348200
Tahoe,55,419870200
Tahoe,56,419395400
Tahoe,57,418930600
Tahoe,58,418468700
Tahoe,59,417997900
Tahoe,60,417536800
Tahoe,61,417070100
Tahoe,62,416607900
Tahoe,63,416146100
Tahoe,64,415678200
Tahoe,65,415219300
Tahoe,66,414772100
Tahoe,67,414315500
Tahoe,68,413797900
Tahoe,69,413318600
Tahoe,70,412881700
Tahoe,71,412436100
Tahoe,72,412012900
Tahoe,73,411588400
Tahoe,74,411170000
Tahoe,75,410741500
Tahoe,76,410318800
Tahoe,77,409893000
Tahoe,78,409470900
Tahoe,79,409061600
Tahoe,80,408643200
Tahoe,81,408223400
Tahoe,82,407810600
Tahoe,83,407395800
Tahoe,84,406985400
Tahoe,85,406568300
Tahoe,86,406153800
Tahoe,87,405733800
Tahoe,88,405313900
Tahoe,89,404889200
Tahoe,90,404468000
Tahoe,91,404045900
Tahoe,92,403621600
Tahoe,93,403189400
Tahoe,94,402753200
Tahoe,95,402331100
Tahoe,96,401907500
Tahoe,97,401482900
Tahoe,98,401049000
Tahoe,99,400621500
Tahoe,100,400195500
Tahoe,101,399771100
Tahoe,102,399345100
Tahoe,103,398921400
Tahoe,104,398488000
Tahoe,105,398071600
Tahoe,106,397638200
Tahoe,107,397208300
Tahoe,108,396783700
Tahoe,109,396353900
Tahoe,110,395918600
Tahoe,111,395487300
Tahoe,112,395060200
Tahoe,113,394626900
Tahoe,114,394198500
Tahoe,115,393770200
Tahoe,116,393340300
Tahoe,117,392903500
Tahoe,118,392464100
Tahoe,119,392037800
Tahoe,120,391611800
Tahoe,121,391174000
Tahoe,122,390751400
Tahoe,123,390308900
Tahoe,124,389873600
Tahoe,125,389442900
Tahoe,126,389015800
Tahoe,127,388572200
Tahoe,128,388128400
Tahoe,129,387693100
Tahoe,130,387252900
Tahoe,131,386816100
Tahoe,132,386372100
Tahoe,133,385933400
Tahoe,134,385494600
Tahoe,135,385055900
Tahoe,136,384619400
Tahoe,137,384180600
Tahoe,138,383749000
Tahoe,139,383311600
Tahoe,140,382879200
Tahoe,141,382443400
Tahoe,142,382020600
Tahoe,143,381587900
Tahoe,144,381169500
Tahoe,145,380736000
Tahoe,146,380308300
Tahoe,147,379886100
Tahoe,148,379453500
Tahoe,149,379020900
Tahoe,150,378590300
Tahoe,151,378171400
Tahoe,152,377745300
Tahoe,153,377315800
Tahoe,154,376883700
Tahoe,155,376467600
Tahoe,156,376036400
Tahoe,157,375610700
Tahoe,158,375185900
Tahoe,159,374767900
Tahoe,160,374338100
Tahoe,161,373915300
Tahoe,162,373488100
Tahoe,163,373063400
Tahoe,164,372635500
Tahoe,165,372218600
Tahoe,166,371797900
Tahoe,167,371376800
Tahoe,168,370963200
Tahoe,169,370542900
Tahoe,170,370129700
Tahoe,171,369709800
Tahoe,172,369298800
Tahoe,173,368866400
Tahoe,174,368444000
Tahoe,175,368031100
Tahoe,176,367604700
Tahoe,177,367182800
Tahoe,178,366752800
Tahoe,179,366338600
Tahoe,180,365917900
Tahoe,181,365500200
Tahoe,182,365089000
Tahoe,183,364671400
Tahoe,184,364261600
Tahoe,185,363849700
Tahoe,186,363438400
Tahoe,187,363016300
Tahoe,188,362592800
Tahoe,189,362177700
Tahoe,190,361759700
Tahoe,191,361347800
Tahoe,192,360926800
Tahoe,193,360506900
Tahoe,194,360085600
Tahoe,195,359660300
Tahoe,196,359237600
Tahoe,197,358799800
Tahoe,198,358368400
Tahoe,199,357938700
Tahoe,200,357516500
Tahoe,201,357091600
Tahoe,202,356664500
Tahoe,203,356228900
Tahoe,204,355783100
Tahoe,205,355337200
Tahoe,206,354881100
Tahoe,207,354421900
Tahoe,208,353955500
Tahoe,209,353484500
Tahoe,210,353020800
Tahoe,211,352554300
Tahoe,212,352083700
Tahoe,213,351619200
Tahoe,214,351140100
Tahoe,215,350657600
Tahoe,216,350174200
Tahoe,217,349674200
Tahoe,218,349174200
Tahoe,219,348664400
Tahoe,220,348157100
Tahoe,221,347653100
Tahoe,222,347151100
Tahoe,223,346640200
Tahoe,224,346134900
Tahoe,225,345626100
Tahoe,226,345118100
Tahoe,227,344604200
Tahoe,228,344087200
Tahoe,229,343561200
Tahoe,230,343042300
Tahoe,231,342513900
Tahoe,232,341964000
Tahoe,233,341422900
Tahoe,234,340883800
Tahoe,235,340342400
Tahoe,236,339807000
Tahoe,237,339276900
Tahoe,238,338763300
Tahoe,239,338255100
Tahoe,240,337730300
Tahoe,241,337210000
Tahoe,242,336697600
Tahoe,243,336178200
Tahoe,244,335658900
Tahoe,245,335139700
Tahoe,246,334616600
Tahoe,247,334097800
Tahoe,248,333582200
Tahoe,249,333076100
Tahoe,250,332571300
Tahoe,251,332065600
Tahoe,257,328986800
Tahoe,258,328459100
Tahoe,259,327922800
Tahoe,260,327376300
Tahoe,261,326857500
Tahoe,262,326309700
Tahoe,263,325787800
Tahoe,264,325242400
Tahoe,265,324702000
Tahoe,266,324165300
Tahoe,267,323630300
Tahoe,268,323082200
Tahoe,269,322538100
Tahoe,270,321977600
Tahoe,271,321411200
Tahoe,272,320857900
Tahoe,273,320264300
Tahoe,274,319688600
Tahoe,275,319126800
Tahoe,276,318573600
Tahoe,277,318006800
Tahoe,278,317451800
Tahoe,279,316882400
Tahoe,280,316264500
Tahoe,281,315598400
Tahoe,282,314931200
Tahoe,283,314267200
Tahoe,284,313623800
Tahoe,285,313024400
Tahoe,286,312442300
Tahoe,287,311856700
Tahoe,288,311281000
Tahoe,289,310722100
Tahoe,290,310170300
Tahoe,291,309617000
Tahoe,292,309062300
Tahoe,293,308503000
Tahoe,294,307911100
Tahoe,295,307347300
Tahoe,296,306785400
Tahoe,297,306173700
Tahoe,298,305510200
Tahoe,299,304834900
Tahoe,300,304229600
Tahoe,301,303626300
Tahoe,302,303030900
Tahoe,303,302432800
Tahoe,304,301842500
Tahoe,305,301259900
Tahoe,306,300660200
Tahoe,307,300040200
Tahoe,308,299419000
Tahoe,309,298803900
Tahoe,310,298190300
Tahoe,311,297586900
Tahoe,312,296983700
Tahoe,313,296388700
Tahoe,314,295800500
Tahoe,315,295223000
Tahoe,316,294641800
Tahoe,317,294081700
Tahoe,318,293495300
Tahoe,319,292932800
Tahoe,320,292348800
Tahoe,321,291820600
Tahoe,322,291281700
Tahoe,323,290729200
Tahoe,324,290185200
Tahoe,325,289648800
Tahoe,326,289127600
Tahoe,327,288618200
Tahoe,328,288119000
Tahoe,329,287617200
Tahoe,330,287072800
Tahoe,331,286547400
Tahoe,332,286007000
Tahoe,333,285471800
Tahoe,334,284935200
Tahoe,335,284406000
Tahoe,336,283881800
Tahoe,337,283346600
Tahoe,338,282818700
Tahoe,339,282270100
Tahoe,340,281705900
Tahoe,341,281136700
Tahoe,342,280598400
Tahoe,343,280065800
Tahoe,344,279559200
Tahoe,345,279054000
Tahoe,346,278533400
Tahoe,347,278017400
Tahoe,348,277470900
Tahoe,349,276916400
Tahoe,350,276349700
Tahoe,351,275802000
Tahoe,352,275276800
Tahoe,353,274763000
Tahoe,354,274256000
Tahoe,355,273744200
Tahoe,356,273243100
Tahoe,357,272719300
Tahoe,358,272214000
Tahoe,359,271717500
Tahoe,360,271205600
Tahoe,361,270614400
Tahoe,362,270022000
Tahoe,363,269450300
Tahoe,364,268910700
Tahoe,365,268378700
Tahoe,366,267837400
Tahoe,367,267302700
Tahoe,368,266763000
Tahoe,369,266209500
Tahoe,370,265616600
Tahoe,371,265030100
Tahoe,372,264465000
Tahoe,373,263878400
Tahoe,374,263292400
Tahoe,375,262702400
Tahoe,376,262089100
Tahoe,377,261460900
Tahoe,378,260868300
Tahoe,379,260236500
Tahoe,380,259604900
Tahoe,381,258988300
Tahoe,382,258345100
Tahoe,383,257620400
Tahoe,384,256912600
Tahoe,385,256220800
Tahoe,386,255569400
Tahoe,387,254935200
Tahoe,388,254319300
Tahoe,389,253657800
Tahoe,390,252991200
Tahoe,391,252299600
Tahoe,392,251576200
Tahoe,393,250862600
Tahoe,394,250166500
Tahoe,395,249468800
Tahoe,396,248724900
Tahoe,397,247937800
Tahoe,398,247146200
Tahoe,399,246398000
Tahoe,400,245602100
Tahoe,401,244770500
Tahoe,402,243909300
Tahoe,403,243069000
Tahoe,404,242311500
Tahoe,405,241542300
Tahoe,406,240729600
Tahoe,407,239900800
Tahoe,408,239076100
Tahoe,409,238162000
Tahoe,410,237256500
Tahoe,411,236410700
Tahoe,412,235594800
Tahoe,413,234768700
Tahoe,414,233867800
Tahoe,415,232938600
Tahoe,416,232046500
Tahoe,417,231121700
Tahoe,418,230187000
Tahoe,419,229262500
Tahoe,420,228360400
Tahoe,421,227415700
Tahoe,422,226472500
Tahoe,423,225496100
Tahoe,424,224513500
Tahoe,425,223484700
Tahoe,426,222360300
Tahoe,427,221268500
Tahoe,428,220240700
Tahoe,429,219185800
Tahoe,430,218160500
Tahoe,431,217112100
Tahoe,432,216048200
Tahoe,433,214954300
Tahoe,434,213776100
Tahoe,435,212597900
Tahoe,436,211448000
Tahoe,437,210260400
Tahoe,438,209070100
Tahoe,439,207845100
Tahoe,440,206569500
Tahoe,441,205176300
Tahoe,442,203804800
Tahoe,443,202386400
Tahoe,444,200919400
Tahoe,445,199425400
Tahoe,446,197877900
Tahoe,447,196265400
Tahoe,448,194670500
Tahoe,449,193109100
Tahoe,450,191461500
Tahoe,451,189688800
Tahoe,452,187918300
Tahoe,453,186116700
Tahoe,454,184186800
Tahoe,455,182189900
Tahoe,456,180232700
Tahoe,457,178204400
Tahoe,458,175974200
Tahoe,459,173594700
Tahoe,460,171058700
Tahoe,461,168344100
Tahoe,462,165700900
Tahoe,463,162995300
Tahoe,464,159996300
Tahoe,465,156780400
Tahoe,466,153662500
Tahoe,468,146055000
Tahoe,469,141481600
Tahoe,470,137017700
Tahoe,471,132730000
Tahoe,472,128117800
Tahoe,473,123663700
Tahoe,474,119309100
Tahoe,476,110597000
Tahoe,478,102954100
Tahoe,480,95577900
Tahoe,482,88074700
Tahoe,483,84289200
Tahoe,484,80218900
Tahoe,485,75814800
Tahoe,486,70563000
Tahoe,487,64045900
Tahoe,488,57085700
Tahoe,490,42166000
Tahoe,491,37889500
Tahoe,492,35858600
Tahoe,493,33821900
Tahoe,494,31236900
Tahoe,496,26654500
Tahoe,497,24253900
Tahoe,498,22373200
Tahoe,499,20586300
Tahoe,502.45,1000
Tarawera,0,40966000
Tarawera,10,37604000
Tarawera,20,35616000
Tarawera,30,33052000
Tarawera,40,28600000
Tarawera,50,24329000
Tarawera,60,20441000
Tarawera,70,17478000
Tarawera,80,13184000
Tarawera,87.5,0
Toolik,0,1489515.25
Toolik,1,1417009.76
Toolik,2,1297368.07
Toolik,3,1180883.92
Toolik,4,1046153.79
Toolik,5,908155.19
Toolik,6,783952.79
Toolik,7,668348.83
Toolik,8,563945.13
Toolik,9,472129.95
Toolik,10,386009.69
Toolik,11,328676.84
Toolik,12,276429.67
Toolik,13,227951.14
Toolik,14,186518.29
Toolik,15,146444.98
Toolik,16,110846.58
Toolik,17,83819.98
Toolik,18,56592.74
Toolik,19,33401.97
Toolik,20,19945.55
Toolik,21,11489.26
Toolik,22,7415.33
Toolik,23,4304.13
Toolik,24,2495.59
Toolik,25,95.45
Toolik,26,95.45
Trout,0,160790000
Trout,1,153834719
Trout,2,146879437
Trout,3,139924156
Trout,4,134461433
Trout,5,129073965
Trout,6,123686496
Trout,7,118642627
Trout,8,113635246
Trout,9,108627865
Trout,10,102209984
Trout,11,95554823
Trout,12,88899662
Trout,13,83626068
Trout,14,78680767
Trout,15,73735467
Trout,16,69735361
Trout,17,66033739
Trout,18,62332116
Trout,19,58880174
Trout,20,55529227
Trout,21,52178281
Trout,22,48057700
Trout,23,43547666
Trout,24,39037632
Trout,25,34211344
Trout,26,29187912
Trout,27,24164479
Trout,28,20121341
Trout,29,16823779
Trout,30,13526217
Trout,31,10601827
Trout,32,8021902
Trout,33,5441978
TroutBog,0,10995
TroutBog,1,10983.9
TroutBog,2,10389
TroutBog,2.5,9957.4
TroutBog,3,9500.4
TroutBog,4,8402.7
TroutBog,5,7465.8
TroutBog,8,4895.9
TwoSisters,0,2832430
TwoSisters,1,2682565.55555555
TwoSisters,2,2582118.32846715
TwoSisters,3,2508280.37226277
TwoSisters,4,2434442.41605839
TwoSisters,5,2294385.06521739
TwoSisters,6,2068943.1459854
TwoSisters,7,1797045.11764706
TwoSisters,8,1648283.35294118
TwoSisters,9,1501245.7826087
TwoSisters,10,1354190.11678832
TwoSisters,11,1206514.20437956
TwoSisters,12,1058838.2919708
TwoSisters,13,911889.565217387
TwoSisters,14,764962.22627737
TwoSisters,15,617286.313868606
TwoSisters,16,469609.72262773
TwoSisters,17,321933.489051088
TwoSisters,18,174661.294964023
TwoSisters,19,0
Vortsjarv,0,270600000
Vortsjarv,0.1,268800000
Vortsjarv,0.2,2.67e+08
Vortsjarv,0.3,265400000
Vortsjarv,0.4,263800000
Vortsjarv,0.5,262200000
Vortsjarv,0.6,260600000
Vortsjarv,0.7,2.59e+08
Vortsjarv,0.8,256800000
Vortsjarv,0.9,254600000
Vortsjarv,1,252400000
Vortsjarv,1.1,250200000
Vortsjarv,1.2,2.48e+08
Vortsjarv,1.3,244800000
Vortsjarv,1.4,241600000
Vortsjarv,1.5,238400000
Vortsjarv,1.6,235200000
Vortsjarv,1.7,2.32e+08
Vortsjarv,1.8,226600000
Vortsjarv,1.9,221200000
Vortsjarv,2,215800000
Vortsjarv,2.1,210400000
Vortsjarv,2.2,2.05e+08
Vortsjarv,2.3,197400000
Vortsjarv,2.4,189800000
Vortsjarv,2.5,182200000
Vortsjarv,2.6,174600000
Vortsjarv,2.7,1.67e+08
Vortsjarv,2.8,156400000
Vortsjarv,2.9,145800000
Vortsjarv,3,135200000
Vortsjarv,3.1,124600000
Vortsjarv,3.2,1.14e+08
Vortsjarv,3.3,96600000
Vortsjarv,3.4,79200000
Vortsjarv,3.5,61800000
Vortsjarv,3.6,44400000
Vortsjarv,3.7,2.7e+07
Vortsjarv,3.8,23400000
Vortsjarv,3.9,19800000
Vortsjarv,4,16200000
Vortsjarv,4.1,12600000
Vortsjarv,4.2,9e+06
Vortsjarv,4.3,8e+06
Vortsjarv,4.4,7e+06
Vortsjarv,4.5,6e+06
Vortsjarv,4.6,5e+06
Vortsjarv,4.7,4e+06
Vortsjarv,4.8,3500000
Vortsjarv,4.9,3e+06
Vortsjarv,5,2500000
Vortsjarv,5.1,2e+06
Vortsjarv,5.2,1500000
Vortsjarv,5.3,1360000
Vortsjarv,5.4,1220000
Vortsjarv,5.5,1080000
Vortsjarv,5.6,940000
Vortsjarv,5.7,8e+05
Vortsjarv,5.8,6e+05
Vortsjarv,5.9,4e+05
Vortsjarv,6,2e+05
Vortsjarv,6.1,0
Washington,0,87615000
Washington,5,80755000
Washington,10,72925000
Washington,15,67465000
Washington,20,61585000
Washington,25,56360000
Washington,30,50660000
Washington,35,41645000
Washington,40,34770000
Washington,45,28020000
Washington,50,20690000
Washington,55,16025000
Washington,60,4065000
Washington,65,20000
Washington,65.2,0
Windermere,0,6718000
Windermere,2,5630000
Windermere,5,4779000
Windermere,10,3880000
Windermere,20,2658000
Windermere,30,1696000
Windermere,35,811000
Windermere,40,107000
Windermere,42,0
Wingra,0,1396000
Wingra,0.5,1298830
Wingra,1,1081400
Wingra,1.5,980195
Wingra,2,843460
Wingra,2.5,653050
Wingra,3,261187
Wingra,3.5,9959
Wingra,4,0
Zlutice,0,1671842
Zlutice,0.1,1661316
Zlutice,0.2,1650789
Zlutice,0.3,1640263
Zlutice,0.4,1629750
Zlutice,0.5,1619250
Zlutice,0.6,1609250
Zlutice,0.7,1599750
Zlutice,0.8,1590250
Zlutice,0.9,1580750
Zlutice,1,1571250
Zlutice,1.1,1561750
Zlutice,1.2,1552250
Zlutice,1.3,1542750
Zlutice,1.4,1533250
Zlutice,1.5,1523750
Zlutice,1.6,1514250
Zlutice,1.7,1504750
Zlutice,1.8,1493000
Zlutice,1.9,1479000
Zlutice,2,1465000
Zlutice,2.1,1451000
Zlutice,2.2,1443000
Zlutice,2.3,1435000
Zlutice,2.4,1427000
Zlutice,2.5,1419000
Zlutice,2.6,1411000
Zlutice,2.7,1403000
Zlutice,2.8,1395000
Zlutice,2.9,1387000
Zlutice,3,1379000
Zlutice,3.1,1371000
Zlutice,3.2,1359900
Zlutice,3.3,1348800
Zlutice,3.4,1337700
Zlutice,3.5,1326600
Zlutice,3.6,1315500
Zlutice,3.7,1304400
Zlutice,3.8,1293300
Zlutice,3.9,1282200
Zlutice,4,1271100
Zlutice,4.1,1260000
Zlutice,4.2,1246900
Zlutice,4.3,1233800
Zlutice,4.4,1220700
Zlutice,4.5,1207600
Zlutice,4.6,1194500
Zlutice,4.7,1181400
Zlutice,4.8,1168300
Zlutice,4.9,1155200
Zlutice,5,1142100
Zlutice,5.1,1129000
Zlutice,5.2,1117800
Zlutice,5.3,1106600
Zlutice,5.4,1095400
Zlutice,5.5,1084200
Zlutice,5.6,1073000
Zlutice,5.7,1061800
Zlutice,5.8,1050600
Zlutice,5.9,1039400
Zlutice,6,1028200
Zlutice,6.1,1017000
Zlutice,6.2,1006400
Zlutice,6.3,995800
Zlutice,6.4,985200
Zlutice,6.5,974600
Zlutice,6.6,964000
Zlutice,6.7,953400
Zlutice,6.8,942800
Zlutice,6.9,932200
Zlutice,7,921600
Zlutice,7.1,911000
Zlutice,7.2,901500
Zlutice,7.3,892000
Zlutice,7.4,882500
Zlutice,7.5,873000
Zlutice,7.6,863500
Zlutice,7.7,854000
Zlutice,7.8,844500
Zlutice,7.9,835000
Zlutice,8,825500
Zlutice,8.1,816000
Zlutice,8.2,807800
Zlutice,8.3,799600
Zlutice,8.4,791400
Zlutice,8.5,783200
Zlutice,8.6,775000
Zlutice,8.7,766800
Zlutice,8.8,758600
Zlutice,8.9,750400
Zlutice,9,742200
Zlutice,9.1,734000
Zlutice,9.2,727100
Zlutice,9.3,720200
Zlutice,9.4,713300
Zlutice,9.5,706400
Zlutice,9.6,699500
Zlutice,9.7,692600
Zlutice,9.8,685700
Zlutice,9.9,678800
Zlutice,10,671900
Zlutice,10.1,665000
Zlutice,10.2,659400
Zlutice,10.3,653800
Zlutice,10.4,648200
Zlutice,10.5,642600
Zlutice,10.6,637000
Zlutice,10.7,631400
Zlutice,10.8,625800
Zlutice,10.9,620200
Zlutice,11,614600
Zlutice,11.1,609000
Zlutice,11.2,603600
Zlutice,11.3,598100
Zlutice,11.4,592700
Zlutice,11.5,587200
Zlutice,11.6,581800
Zlutice,11.7,576300
Zlutice,11.8,570900
Zlutice,11.9,565400
Zlutice,12,560000
Zlutice,12.1,554500
Zlutice,12.2,548700
Zlutice,12.3,542900
Zlutice,12.4,537100
Zlutice,12.5,531300
Zlutice,12.6,525500
Zlutice,12.7,519700
Zlutice,12.8,513900
Zlutice,12.9,508100
Zlutice,13,502300
Zlutice,13.1,496500
Zlutice,13.2,490400
Zlutice,13.3,484200
Zlutice,13.4,478100
Zlutice,13.5,471900
Zlutice,13.6,465800
Zlutice,13.7,459600
Zlutice,13.8,453500
Zlutice,13.9,447300
Zlutice,14,441200
Zlutice,14.1,435000
Zlutice,14.2,428600
Zlutice,14.3,422200
Zlutice,14.4,415800
Zlutice,14.5,409400
Zlutice,14.6,403000
Zlutice,14.7,396600
Zlutice,14.8,390200
Zlutice,14.9,383800
Zlutice,15,377400
Zlutice,15.1,371000
Zlutice,15.2,364500
Zlutice,15.3,358000
Zlutice,15.4,351500
Zlutice,15.5,345000
Zlutice,15.6,338600
Zlutice,15.7,332100
Zlutice,15.8,325600
Zlutice,15.9,319100
Zlutice,16,312600
Zlutice,16.1,306100
Zlutice,16.2,299700
Zlutice,16.3,293300
Zlutice,16.4,286900
Zlutice,16.5,280500
Zlutice,16.6,274100
Zlutice,16.7,267600
Zlutice,16.8,261200
Zlutice,16.9,254800
Zlutice,17,248400
Zlutice,17.1,242000
Zlutice,17.2,237500
Zlutice,17.3,233000
Zlutice,17.4,228500
Zlutice,17.5,224000
Zlutice,17.6,219500
Zlutice,17.7,215000
Zlutice,17.8,210500
Zlutice,17.9,206000
Zlutice,18,201500
Zlutice,18.1,197000
Zlutice,18.2,193600
Zlutice,18.3,190200
Zlutice,18.4,186800
Zlutice,18.5,183400
Zlutice,18.6,180000
Zlutice,18.7,176600
Zlutice,18.8,173200
Zlutice,18.9,169800
Zlutice,19,166400
Zlutice,19.1,163000
Zlutice,19.2,160100
Zlutice,19.3,157200
Zlutice,19.4,154300
Zlutice,19.5,151400
Zlutice,19.6,148500
Zlutice,19.7,145600
Zlutice,19.8,142700
Zlutice,19.9,139800
Zlutice,20,136900
Zlutice,20.1,134000
Zlutice,20.2,129500
Zlutice,20.3,124900
Zlutice,20.4,120400
Zlutice,20.5,115800
Zlutice,20.6,111300
Zlutice,20.7,106700
Zlutice,20.8,102200
Zlutice,20.9,97600
Zlutice,21,93100
Zlutice,21.1,88500
Zlutice,21.2,83700
Zlutice,21.3,78800
Zlutice,21.4,74000
Zlutice,21.5,69100
Zlutice,21.6,64300
Zlutice,21.7,59400
Zlutice,21.8,54600
Zlutice,21.9,49700
Zlutice,22,44900
Zlutice,22.1,40000
Zlutice,22.2,37500
Zlutice,22.3,35000
Zlutice,22.4,32500
Zlutice,22.5,30000
Zlutice,22.6,27500
Zlutice,22.7,25000
Zlutice,22.8,22500
Zlutice,22.9,20000
Zlutice,23,17500
Zlutice,23.1,15000
Zlutice,23.2,14100
Zlutice,23.3,13200
Zlutice,23.4,12400
Zlutice,23.5,11500
Zlutice,23.6,10600
Zlutice,23.7,9700
Zlutice,23.8,8800
Zlutice,23.9,7900
Zlutice,24,7100
Zlutice,24.1,6200
Zlutice,24.2,5300
Zlutice,24.3,4400
Zlutice,24.4,3500
Zlutice,24.5,2600
Zlutice,24.6,1800
Zlutice,24.7,900
Zlutice,24.8,0
Taihu,0,2329612000
Taihu,1.33,1728769000
Taihu,2.66,1234407000
Taihu,3.99,875691300
Taihu,5.33,633686200
Taihu,6.66,443268400
Taihu,7.99,276540200
Taihu,9.32,141340100
Taihu,10.65,51051170
Taihu,11.98,10353230
Taihu,13.31,0
Chao,0,7.82e+08
Chao,1,7.78e+08
Chao,2,7.76e+08
Chao,3,7.74e+08
Chao,4,7.7e+08
Chao,5,7.55e+08
Chao,6,7.03e+08
Chao,7,5.6e+08
Chao,7.98,7e+07
Hulun,0,1749505124
Hulun,0.48,1720095339
Hulun,0.94,1681824915
Hulun,1.39,1618103715
Hulun,1.87,1553978535
Hulun,2.3,1403913225
Hulun,2.78,1038230027
Hulun,3.3,17398095.9
Hulun,7.55,0
Rappbodep,0,218450.1719
Rappbodep,1,173050.9531
Rappbodep,2,147309.4375
Rappbodep,3,130870.8359
Rappbodep,4,116929.6328
Rappbodep,5,105016.0547
Rappbodep,6,89551.82031
Rappbodep,7,74849.11719
Rappbodep,8,61616.53125
Rappbodep,9,48890.32813
Rappbodep,10,36142.125
Rappbodep,11,26109.10547
Rappbodep,12,17563.41211
Rappbodep,13,11147.95898
Rappbodep,14,6377.82422
Rappbodep,15,1806.91162
Rappbodep,16,630.70123
Rappbodep,17,21.91222
Hassel,0,288043.5
Hassel,1,228672.125
Hassel,2,197123.4219
Hassel,3,168679.875
Hassel,4,148900.4375
Hassel,5,131195.9688
Hassel,6,114215.0156
Hassel,7,97288.08594
Hassel,8,76818.78906
Hassel,9,58364.57422
Hassel,10,44058.65234
Hassel,11,27753.52734
Hassel,12,12826.13672
Hassel,13,4260.56494
Hassel,14,153.46729
Arendsee,0,5110000
Arendsee,1,4583000
Arendsee,2,4449000
Arendsee,3,4340000
Arendsee,4,4242000
Arendsee,5,4168000
Arendsee,6,4110000
Arendsee,7,4058000
Arendsee,8,4012000
Arendsee,9,3968000
Arendsee,10,3925000
Arendsee,11,3880000
Arendsee,12,3835000
Arendsee,13,3790000
Arendsee,14,3745000
Arendsee,15,3700000
Arendsee,16,3658000
Arendsee,17,3616000
Arendsee,18,3574000
Arendsee,19,3533000
Arendsee,20,3487000
Arendsee,21,3439000
Arendsee,22,3389000
Arendsee,23,3339000
Arendsee,24,3290000
Arendsee,25,3241000
Arendsee,26,3194000
Arendsee,27,3148000
Arendsee,28,3102000
Arendsee,29,3054000
Arendsee,30,3005000
Arendsee,31,2952000
Arendsee,32,2895000
Arendsee,33,2833000
Arendsee,34,2759000
Arendsee,35,2668000
Arendsee,36,2571000
Arendsee,37,2462000
Arendsee,38,2351000
Arendsee,39,2231000
Arendsee,40,2104000
Arendsee,41,1924000
Arendsee,42,1708000
Arendsee,43,1424000
Arendsee,44,1168000
Arendsee,45,873000
Arendsee,46,542000
Arendsee,47,191000
Arendsee,48,1000
Arendsee,49,0
Scharmutzel,0,11931782.66
Scharmutzel,1,11923887.16
Scharmutzel,2,10695828.43
Scharmutzel,3,9948696.81
Scharmutzel,4,9227731.01
Scharmutzel,5,8757875.55
Scharmutzel,6,8139406.78
Scharmutzel,7,7262581.48
Scharmutzel,8,6578468.2
Scharmutzel,9,5852578.79
Scharmutzel,10,5092156.41
Scharmutzel,11,4602056.89
Scharmutzel,12,4165898.14
Scharmutzel,13,3609524.51
Scharmutzel,14,3022619.52
Scharmutzel,15,2692030.39
Scharmutzel,16,2390054.48
Scharmutzel,17,2113625.58
Scharmutzel,18,1780279.38
Scharmutzel,19,1522225.67
Scharmutzel,20,1214049.95
Scharmutzel,21,947647.09
Scharmutzel,22,702310.94
Scharmutzel,23,554758.63
Scharmutzel,24,444112.17
Scharmutzel,25,348637.48
Scharmutzel,26,255616.55
Scharmutzel,27,179797.24
Scharmutzel,28,112045.85
Scharmutzel,29,61672.81
Scharmutzel,30,33089.86
Scharmutzel,31,1139.49
Scharmutzel,32,0
Zurich,0,66600000
Zurich,5,6.1e+07
Zurich,10,58300000
Zurich,15,54100000
Zurich,20,46700000
Zurich,25,33700000
Zurich,30,30300000
Zurich,35,28700000
Zurich,40,27200000
Zurich,45,25800000
Zurich,50,24700000
Zurich,55,23600000
Zurich,60,22300000
Zurich,65,20100000
Zurich,70,19900000
Zurich,75,1.9e+07
Zurich,80,18200000
Zurich,85,17400000
Zurich,90,16600000
Zurich,95,15700000
Zurich,100,14800000
Zurich,105,13800000
Zurich,110,12600000
Zurich,115,11100000
Zurich,120,9e+06
Zurich,125,6300000
Zurich,130,3400000
Zurich,135,5e+05
Zurich,136,0
Thun,0,47927000
Thun,10,44587000
Thun,20,43303000
Thun,30,42110000
Thun,40,40550000
Thun,50,39083000
Thun,60,36973000
Thun,70,35321000
Thun,80,33762000
Thun,90,32569000
Thun,100,31560000
Thun,110,30404000
Thun,120,29259000
Thun,130,28056000
Thun,140,26759000
Thun,150,25093000
Thun,160,23241000
Thun,170,21574000
Thun,180,19593000
Thun,190,16667000
Thun,200,13889000
Thun,210,10370000
Thun,212,0
Murten,0,2.3e+07
Murten,9,17300000
Murten,19,14200000
Murten,29,9580000
Murten,39,3750000
Murten,44,430000
Murten,45,0
Bryrup,0,372627.8
Bryrup,1.5,308857.5
Bryrup,2.5,271259.9
Bryrup,3.5,249481.6
Bryrup,4.5,201365.2
Bryrup,5.5,122983.8
Bryrup,6.5,32254.7
Bryrup,9,2792.9
Bosumtwi,0,48799505.92
Bosumtwi,2.53,47186592.27
Bosumtwi,5.06,46090358.99
Bosumtwi,7.59,45027641.43
Bosumtwi,10.12,43913671.72
Bosumtwi,12.66,42751140.91
Bosumtwi,15.19,41524147.38
Bosumtwi,17.72,40258745.31
Bosumtwi,20.25,38966188.17
Bosumtwi,22.78,37529170.92
Bosumtwi,25.31,36027446.3
Bosumtwi,27.84,34448048.38
Bosumtwi,30.37,32830731.22
Bosumtwi,32.9,31022961.56
Bosumtwi,35.43,29242713.93
Bosumtwi,37.97,27465401.99
Bosumtwi,40.5,25690414.14
Bosumtwi,43.03,23934141.26
Bosumtwi,45.56,22163801.57
Bosumtwi,48.09,20433827.54
Bosumtwi,50.62,18681101.95
Bosumtwi,53.15,16818165.9
Bosumtwi,55.68,14846120.26
Bosumtwi,58.21,12792120.12
Bosumtwi,60.74,10744969.9
Bosumtwi,63.28,8974385.57
Bosumtwi,65.81,7276826.38
Bosumtwi,68.34,5230532.41
Bosumtwi,70.87,2587560.69
Bosumtwi,73.4,61649.36
Vendyurskoe,0,10400000
Vendyurskoe,1,9200000
Vendyurskoe,2,8100000
Vendyurskoe,3,7200000
Vendyurskoe,4,6400000
Vendyurskoe,5,5500000
Vendyurskoe,6,4300000
Vendyurskoe,7,3200000
Vendyurskoe,8,2500000
Vendyurskoe,9,1800000
Vendyurskoe,10,1300000
Vendyurskoe,11,7e+05
Vendyurskoe,12,3e+05
Vendyurskoe,13,50000
Vendyurskoe,14,0
